Name,School,Draft_Year,Landing_Team,Y1_PPR_PPG,5%,Mean,95%
Jaxon Smith-Njigba,Ohio State,2023,,,0.00,6.25,13.58
Josh Downs,North Carolina,2023,,,0.00,6.19,12.61
Quentin Johnston,Texas Christian,2023,,,0.00,6.99,12.44
Zay Flowers,Boston College,2023,,,0.00,5.65,11.66
Jordan Addison,Pittsburgh,2023,,,0.00,6.81,10.80
Kayshon Boutte,Louisiana State,2023,,,0.00,5.25,10.23
Jalin Hyatt,Tennessee,2023,,,0.00,4.70,8.57
Dontay Demus,Maryland,2023,,,0.00,1.54,7.64
Jayden Reed,Michigan State,2023,,,-0.00,1.33,7.23
Marvin Mims,Oklahoma,2023,,,-0.00,3.41,7.19
Rakim Jarrett,Maryland,2023,,,-0.00,1.26,6.56
Donavon Greene,Wake Forest,2023,,,0.00,0.12,3.26
Julian Fleming,Ohio State,2023,,,-0.00,0.28,3.05
Jermaine Burton,Georgia,2023,,,0.00,0.22,3.01
Lavel Davis,Virginia,2023,,,0.00,0.12,2.76
Parker Washington,Penn State,2023,,,0.00,0.28,2.44
Demond Demas,Texas A&M,2023,,,0.00,0.28,2.33
Marcus Rosemy,Georgia,2023,,,-0.00,0.25,2.07
Jaden Walley,Mississippi State,2023,,,0.00,0.21,1.91
E.J. Williams,Clemson,2023,,,-0.00,0.23,1.69
Jalen McMillan,Washington,2023,,,0.00,0.26,1.64
Ajou Ajou,Clemson,2023,,,-0.00,0.25,1.60
Christian Watson,N. Dakota ST,2022,GB,11.72,0.00,6.76,15.50
Chris Olave,Ohio State,2022,NO,13.21,0.00,9.07,15.29
Garrett Wilson,Ohio State,2022,NYJ,12.36,0.00,9.45,14.92
Jameson Williams,Alabama,2022,DET,2.52,0.00,5.54,14.11
Treylon Burks,Arkansas,2022,TEN,8.55,0.00,9.39,14.09
Jahan Dotson,Penn State,2022,WAS,10.88,0.00,8.07,13.69
Alec Pierce,Cincinnati,2022,IND,7.01,0.00,6.27,13.18
Drake London,Southern California,2022,ATL,10.51,0.00,10.22,13.05
Wan'Dale Robinson,Kentucky,2022,NYG,8.60,0.00,9.14,12.67
Tyquan Thornton,Baylor,2022,NE,5.10,0.00,4.61,12.43
Skyy Moore,Western Michigan,2022,KC,2.71,0.00,7.42,12.36
Calvin Austin III,Memphis,2022,PIT,0.00,-0.00,2.46,10.79
Velus Jones Jr.,Tennessee,2022,CHI,2.83,0.00,3.90,10.69
David Bell,Purdue,2022,CLE,3.03,0.00,4.76,10.45
George Pickens,Georgia,2022,PIT,9.39,0.00,8.08,10.39
John Metchie,Alabama,2022,HOU,0.00,0.00,6.36,10.32
Danny Gray,Southern Methodist,2022,SF,0.00,-0.00,3.66,10.24
Jalen Tolbert,South Alabama,2022,DAL,0.00,-0.00,4.53,9.97
Kyle Philips,UCLA,2022,TEN,2.95,-0.00,2.06,8.33
Khalil Shakir,Boise State,2022,BUF,2.33,-0.00,2.29,8.32
Romeo Doubs,Nevada,2022,GB,7.82,-0.00,2.23,7.93
Erik Ezukanma,Texas Tech,2022,MIA,0.00,-0.00,2.03,7.73
Isaiah Weston,N. Iowa,2022,CLE,0.00,-0.00,1.41,7.70
Deven Thompkins,Utah State,2022,TB,0.00,0.00,0.91,6.68
Dai'Jean Dixon,Nicholls ST,2022,,0.00,-0.00,1.25,5.99
Samori Toure,Nebraska,2022,GB,1.92,-0.00,1.10,5.87
Dontario Drummond,Mississippi,2022,DAL,0.00,0.00,1.30,5.78
Jalen Nailor,Michigan State,2022,MIN,2.19,-0.00,1.17,5.43
Kevin Austin,Notre Dame,2022,JAX,0.00,-0.00,1.07,5.35
Tre Turner,Virginia Tech,2022,,0.00,-0.00,1.14,5.19
Jaivon Heiligh,Coastal Carolina,2022,,0.00,0.00,1.26,5.14
Bo Melton,Rutgers,2022,SEA,0.00,-0.00,1.64,5.03
Justyn Ross,Clemson,2022,KC,0.00,0.00,1.13,4.93
Emeka Emezie,North Carolina State,2022,BAL,0.00,0.00,0.70,4.44
K.D. Nixon,Southern California,2022,,0.00,-0.00,1.22,4.28
Charleston Rambo,Oklahoma,2022,BUF,0.00,0.00,1.15,4.28
Braylon Sanders,Mississippi,2022,MIA,0.00,-0.00,1.01,4.19
Stanley Berryhill III,Arizona,2022,ATL,0.00,-0.00,1.16,4.00
Mike Woods,Oklahoma,2022,CLE,0.00,-0.00,1.17,3.64
Makai Polk,Mississippi State,2022,,0.00,0.00,1.18,3.63
Joseph Ngata,Clemson,2022,,0.00,0.00,0.25,3.42
Reggie Roberson Jr.,Southern Methodist,2022,,0.00,0.00,0.27,3.34
Corey Sutton,Appalachian State,2022,DET,0.00,0.00,0.29,3.31
Ronnie Bell,Michigan,2022,,0.00,0.00,0.33,3.28
Kalil Pimpleton,Central Michigan,2022,DET,0.00,0.00,0.28,3.07
C.J. Johnson,East Carolina,2022,,0.00,0.00,0.28,3.01
Demetris Robertson,Auburn,2022,,0.00,0.00,0.31,3.01
Cornelius Johnson,Michigan,2022,,0.00,0.00,0.30,2.91
Jonathan Mingo,Mississippi,2022,,0.00,0.00,0.24,2.89
Thomas Hennigan,Appalachian State,2022,MIN,0.00,0.00,0.28,2.61
Dante Wright,Colorado State,2022,,0.00,0.00,0.30,2.58
Jalen Virgil,Appalachian State,2022,DEN,1.50,-0.00,0.24,2.56
Stephan Robinson,Kansas,2022,ARI,0.00,0.00,0.27,2.52
Taysir Mack,Indiana,2022,SF,0.00,0.00,0.25,2.51
Andrew Parchment,Kansas,2022,CAR,0.00,0.00,0.28,2.43
Nikko Remigio,California,2022,,0.00,0.00,0.25,2.37
Samson Nacua,Utah,2022,IND,0.00,0.00,0.23,2.36
C.J. Moore,Oklahoma State,2022,,0.00,0.00,0.09,2.31
Tyrone Tracy Jr.,Iowa,2022,,0.00,0.00,0.26,2.27
Kyle Ford,Southern California,2022,,0.00,0.00,0.28,2.23
Trevon Bradford,Oregon State,2022,LAC,0.00,0.00,0.28,2.21
Mike Harley,Miami (FL),2022,CHI,0.00,0.00,0.27,2.18
Justin Shorter,Florida,2022,,0.00,-0.00,0.26,2.05
Kaylon Geiger,Troy,2022,TB,0.00,0.00,0.23,1.96
Theo Wease,Oklahoma,2022,,0.00,0.00,0.26,1.72
Trey Knox,Arkansas,2022,,0.00,0.00,0.24,1.69
Jake Smith,Texas,2022,,0.00,0.00,0.23,1.68
Bru McCoy,Southern California,2022,,0.00,0.00,0.25,1.67
Jordan Whittington,Texas,2022,,0.00,0.00,0.25,1.67
Savon Scarver,Utah State,2022,CHI,0.00,-0.00,0.23,1.65
Keke Chism,Missouri,2022,GB,0.00,0.00,0.25,1.57
Jadon Haselwood,Oklahoma,2022,,0.00,0.00,0.25,1.54
Frank Ladson Jr.,Clemson,2022,,0.00,-0.00,0.25,1.48
Ja'Marr Chase,Louisiana State,2021,CIN,17.92,0.00,11.10,18.06
Jaylen Waddle,Alabama,2021,MIA,15.36,0.00,10.22,17.04
Devonta Smith,Alabama,2021,PHI,10.92,0.00,9.58,13.44
Elijah Moore,Mississippi,2021,NYJ,12.56,0.00,8.80,13.22
Kadarius Toney,Florida,2021,NYG,8.24,0.00,7.04,13.18
Rondale Moore,Purdue,2021,ARI,7.79,0.00,7.56,13.06
Rashod Bateman,Minnesota,2021,BAL,8.62,0.00,8.92,12.40
Dee Eskridge,Western Michigan,2021,SEA,2.80,0.00,5.36,11.68
Amon-Ra St. Brown,Southern California,2021,DET,13.37,-0.00,4.72,11.51
Tutu Atwell,Louisville,2021,LAR,0.00,0.00,5.30,11.47
Terrace Marshall Jr.,Louisiana State,2021,CAR,2.52,0.00,5.15,11.19
Jaelon Darden,North Texas,2021,TB,1.27,-0.00,2.11,9.99
Nico Collins,Michigan,2021,HOU,5.97,-0.00,3.96,9.94
Anthony Schwartz,Auburn,2021,CLE,2.39,-0.00,4.00,9.90
Tylan Wallace,Oklahoma State,2021,BAL,0.25,-0.00,2.59,9.68
Dyami Brown,North Carolina,2021,WAS,1.87,-0.00,4.13,9.67
Dez Fitzpatrick,Louisville,2021,TEN,3.98,-0.00,3.67,9.03
Jacob Harris,Central Florida,2021,LAR,0.00,-0.00,1.82,8.95
Josh Palmer,Tennessee,2021,LAC,5.46,0.01,4.50,8.65
Amari Rodgers,Clemson,2021,GB,0.60,-0.00,3.52,8.54
Ihmir Smith-Marsette,Iowa,2021,MIN,3.58,-0.00,1.92,7.57
Sage Surratt,Wake Forest,2021,DET,0.00,0.00,0.94,6.44
Jalen Camp,Georgia Tech,2021,JAX,0.00,-0.00,1.24,6.22
Tarik Black,Texas,2021,IND,0.00,0.00,1.21,5.70
Isaiah McKoy,Kent State,2021,PIT,0.00,0.00,1.18,5.54
Dax Milne,Brigham Young,2021,WAS,1.18,0.00,0.35,5.02
Simi Fehoko,Stanford,2021,DAL,0.00,-0.00,1.11,4.91
Tamorrion Terry,Florida State,2021,SEA,0.00,-0.00,1.08,4.89
Donnie Corley,Texas Southern,2021,,0.00,-0.00,1.27,4.82
Whop Philyor,Indiana,2021,MIN,0.00,0.00,1.22,4.78
Tyler Vaughns,Southern California,2021,IND,0.00,0.00,0.91,4.70
Seth Williams,Auburn,2021,DEN,2.20,-0.00,1.21,4.61
Jonathan Adams Jr.,Arkansas State,2021,DET,0.00,0.00,1.32,4.57
Marquez Stevenson,Houston,2021,Hou,0.00,-0.00,1.22,4.54
Jhamon Ausbon,Texas A&M,2021,PHI,0.00,0.00,0.92,4.53
Warren Jackson,Colorado State,2021,DEN,0.00,0.00,0.94,4.45
Cade Johnson,S. Dakota ST,2021,,0.00,-0.00,1.17,4.43
Jeremiah Haydel,Texas State,2021,LAR,0.00,0.00,0.73,4.39
Shi Smith,South Carolina,2021,CAR,2.68,-0.00,1.19,4.23
Damon Hazelton Jr,Missouri,2021,,0.00,0.00,1.11,4.20
Dazz Newsome,North Carolina,2021,CHI,1.43,-0.00,1.27,4.02
Blake Proehl,East Carolina,2021,MIN,0.00,0.00,1.10,3.27
DeVontres Dukes,South Florida,2021,DEN,0.00,0.00,0.30,3.22
Trevon Grimes,Florida,2021,PHI,0.00,0.00,1.14,3.15
Keylon Stokes,Tulsa,2021,,0.00,-0.00,0.33,3.12
T.J. Vasher,Texas Tech,2021,DAL,0.00,0.00,1.16,3.07
Jeremiah Holloman,Georgia,2021,,0.00,0.00,0.29,2.99
Cameron Dollar,UNC Charlotte,2021,,0.00,0.00,0.31,2.93
Malik Williams,Appalachian State,2021,BUF,0.00,0.00,0.25,2.74
JD Spielman,Texas Christian,2021,,0.00,0.00,0.34,2.53
Kekoa Crawford,California,2021,,0.00,0.00,0.23,2.45
Landen Akers,Iowa State,2021,LAR,0.00,0.00,0.26,2.38
Theo Howard,Oklahoma,2021,,0.00,0.00,0.25,2.31
McLane Mannix,Texas Tech,2021,,0.00,0.00,0.25,2.13
Brandon Aiyuk,Arizona State,2020,SFO,15.38,0.00,8.59,15.60
Justin Jefferson,Louisiana State,2020,MIN,17.14,0.00,10.05,15.57
Henry Ruggs III,Alabama,2020,LVR,6.47,0.00,5.48,15.12
CeeDee Lamb,Oklahoma,2020,DAL,13.23,0.00,9.58,13.94
KJ Hamler,Penn State,2020,DEN,6.93,0.00,8.06,13.93
Jerry Jeudy,Alabama,2020,DEN,9.85,0.00,9.49,13.73
Jalen Reagor,Texas Christian,2020,PHI,7.38,0.00,7.60,13.48
Chase Claypool,Notre Dame,2020,PIT,13.43,0.00,7.15,13.47
Tee Higgins,Clemson,2020,CIN,12.16,0.00,7.69,12.50
Laviska Shenault Jr.,Colorado,2020,JAX,11.22,0.00,7.03,12.31
Denzel Mims,Baylor,2020,NYJ,6.74,0.00,6.30,12.31
Michael Pittman Jr.,Southern California,2020,IND,7.61,0.00,7.04,11.63
Van Jefferson,Florida,2020,LAR,2.93,0.00,5.50,10.42
Tyler Johnson,Minnesota,2020,TAM,2.92,-0.00,2.17,10.17
Antonio Gandy-Golden,Liberty,2020,WAS,0.00,-0.00,2.95,9.42
Devin Duvernay,Texas,2020,BAL,2.94,-0.00,3.92,9.39
John Hightower,Boise State,2020,PHI,2.22,-0.00,1.87,9.24
Darnell Mooney,Tulane,2020,CHI,9.51,-0.00,2.95,9.23
Quintez Cephus,Wisconsin,2020,DET,5.15,-0.00,2.00,9.19
Bryan Edwards,South Carolina,2020,LVR,3.02,0.01,4.42,8.89
Gabe Davis,Central Florida,2020,BUF,8.56,-0.00,2.35,8.62
Joe Reed,Virginia,2020,LAC,0.81,-0.00,1.88,7.74
Isaiah Coulter,Rhode Island,2020,,0.00,-0.00,1.84,7.38
Collin Johnson,Texas,2020,JAX,4.23,-0.00,1.92,7.30
Quez Watkins,Southern Mississippi,2020,PHI,3.93,-0.00,1.82,5.43
Aaron Parker,Rhode Island,2020,,0.00,-0.00,1.32,5.34
Omar Bayless,Arkansas State,2020,,0.00,0.00,1.23,5.25
Jauan Jennings,Tennessee,2020,SFO,0.00,-0.00,1.10,5.05
James Proche,Southern Methodist,2020,BAL,0.00,-0.00,1.22,4.86
Donovan Peoples-Jones,Michigan,2020,CLE,4.87,0.00,1.26,4.83
Binjimen Victor,Ohio State,2020,,0.00,0.00,1.16,4.83
Tony Brown,Colorado,2020,,0.00,0.00,1.26,4.74
Tyrie Cleveland,Florida,2020,DEN,1.23,-0.00,1.12,4.62
Earnest Edwards,Maine,2020,,0.00,-0.00,1.06,4.61
Cody White,Michigan State,2020,,0.00,0.00,1.26,4.57
Nick Westbrook,Indiana,2020,,0.00,0.00,1.13,4.49
Marquez Callaway,Tennessee,2020,,3.85,0.00,1.16,4.48
K.J. Hill,Ohio State,2020,LAC,0.82,-0.00,1.17,4.48
Isaiah Hodgins,Oregon State,2020,BUF,0.00,-0.00,1.28,4.46
Darrell Stewart Jr.,Michigan State,2020,,0.00,0.00,1.16,4.44
Chris Finke,Notre Dame,2020,,0.00,0.00,1.13,4.41
Lawrence Cager,Georgia,2020,,0.00,0.00,1.21,4.27
Austin Mack,Ohio State,2020,,1.46,0.00,1.16,4.16
Trishton Jackson,Syracuse,2020,,0.00,-0.00,1.19,4.04
Kalija Lipscomb,Vanderbilt,2020,,0.00,0.00,1.15,3.98
Quartney Davis,Texas A&M,2020,,0.00,0.00,1.15,3.69
Freddie Swain,Florida,2020,SEA,2.56,-0.00,1.12,3.66
K.J. Osborn,Miami (FL),2020,MIN,0.00,-0.00,1.22,3.62
Isaiah Wright,Temple,2020,,3.31,0.00,1.23,3.59
Stephen Guidry,Mississippi State,2020,,0.00,-0.00,1.12,3.58
Dalton Schoen,Kansas State,2020,,0.00,0.00,0.32,3.40
Kendrick Rogers,Texas A&M,2020,,0.00,-0.00,1.13,3.16
George Campbell,West Virginia,2020,,0.00,0.00,0.18,3.16
Seth Dawkins,Louisville,2020,,0.00,0.00,0.25,3.08
Dezmon Patmon,Washington State,2020,IND,0.00,-0.00,1.12,3.01
Ja'Marcus Bradley,Louisiana,2020,,3.67,0.00,0.30,2.94
Scotty Washington,Wake Forest,2020,,0.00,0.00,0.23,2.74
Kendall Hinton,Wake Forest,2020,,0.00,0.00,0.24,2.52
Johnathon Johnson,Missouri,2020,,0.00,0.00,0.25,2.51
Juwan Johnson,Oregon,2020,,0.00,0.00,0.25,2.34
Aaron Fuller,Washington,2020,,0.00,0.00,0.23,2.30
Andre Baccellia,Washington,2020,,0.00,0.00,0.24,2.19
JoJo Ward,Hawaii,2020,,0.00,0.00,0.26,2.15
Will Hastings,Auburn,2020,,0.00,0.00,0.23,1.97
Diondre Overton,Clemson,2020,,0.00,0.00,0.25,1.83
Maurice Ffrench,Pittsburgh,2020,,0.00,0.00,0.27,1.83
Isaiah Zuber,Mississippi State,2020,,1.75,0.00,0.28,1.75
Jalen McCleskey,Tulane,2020,,0.00,0.00,0.25,1.75
Kirk Merritt,Arkansas State,2020,,0.00,0.00,0.25,1.69
Derrick Dillon,Louisiana State,2020,,0.00,-0.00,0.24,1.57
Josh Hammond,Florida,2020,,0.00,-0.00,0.25,1.51
Marquise Brown,Oklahoma,2019,BAL,10.46,0.00,9.23,15.42
Terry McLaurin,Ohio State,2019,WAS,13.71,0.01,5.56,13.82
A.J. Brown,Mississippi,2019,TEN,13.57,0.00,7.65,13.81
D.K. Metcalf,Mississippi,2019,SEA,11.69,0.00,6.08,13.31
Andy Isabella,Massachusetts,2019,ARI,2.36,0.00,4.87,12.99
Deebo Samuel,South Carolina,2019,SFO,12.61,0.00,7.48,12.76
N'Keal Harry,Arizona State,2019,NWE,5.63,0.00,8.67,12.28
Parris Campbell,Ohio State,2019,IND,5.44,0.00,3.91,12.16
Darius Slayton,Auburn,2019,NYG,12.14,-0.00,2.82,12.10
Mecole Hardman,Georgia,2019,KAN,7.09,0.00,5.57,11.85
Miles Boykin,Notre Dame,2019,BAL,3.17,-0.00,3.93,11.29
Diontae Johnson,Toledo,2019,PIT,9.82,0.00,5.19,10.48
JJ Arcega-Whiteside,Stanford,2019,PHI,2.06,0.00,6.10,10.32
Hakeem Butler,Iowa State,2019,ARI,0.00,-0.00,3.25,9.42
Jalen Hurd,Baylor,2019,SFO,0.00,0.00,4.82,9.13
Hunter Renfrow,Clemson,2019,OAK,10.27,-0.00,2.22,8.70
Riley Ridley,Georgia,2019,CHI,2.58,-0.00,2.03,8.47
Preston Williams,Colorado State,2019,,11.35,0.00,1.78,8.36
Gary Jennings,West Virginia,2019,SEA,0.00,-0.00,1.98,8.16
Emanuel Hall,Missouri,2019,,0.00,-0.00,1.89,7.98
Anthony Johnson,Buffalo,2019,,0.00,0.00,2.19,7.27
Antoine Wesley,Texas Tech,2019,,0.00,0.00,1.12,6.60
Trey Brock,Hillsdale,2019,,0.00,-0.00,0.92,6.41
Ashton Dulin,Malone,2019,,0.28,-0.00,1.15,6.18
Tyre Brady,Marshall,2019,,0.00,0.00,0.93,6.04
Felton Davis III,Michigan State,2019,,0.00,-0.00,1.15,5.75
KeeSean Johnson,Fresno State,2019,ARI,4.60,-0.00,2.02,5.48
Greg Dortch,Wake Forest,2019,,0.00,0.00,1.35,5.39
Penny Hart,Georgia State,2019,,0.00,0.00,1.26,5.38
Travis Fulgham,Old Dominion,2019,DET,0.00,-0.00,1.20,5.32
Keelan Doss,UC-Davis,2019,,4.05,-0.00,1.22,5.01
Kelvin Harmon,North Carolina State,2019,WAS,4.18,-0.00,1.29,4.86
Nyqwan Murray,Florida State,2019,,0.00,0.00,1.24,4.85
Darrius Shepherd,N. Dakota ST,2019,,0.00,-0.00,1.29,4.74
John Ursua,Hawaii,2019,SEA,0.70,-0.00,0.34,4.66
Cody Thompson,Toledo,2019,,0.00,0.00,0.23,4.62
David Sills,West Virginia,2019,,0.00,0.00,1.26,4.54
Scott Miller,Bowling Green State,2019,TAM,0.00,-0.00,2.05,4.53
Dillon Mitchell,Oregon,2019,MIN,0.00,-0.00,1.21,4.21
Jaylen Smith,Louisville,2019,,0.00,-0.00,1.14,4.16
Jakobi Meyers,North Carolina State,2019,,4.13,0.00,1.32,4.16
Damion Willis,Troy,2019,,1.72,0.00,1.21,4.12
Lil'Jordan Humphrey,Texas,2019,,0.00,0.00,0.96,4.01
Juwann Winfree,Colorado,2019,DEN,0.00,-0.00,1.17,3.97
DaMarkus Lodge,Mississippi,2019,,0.00,0.00,1.20,3.88
Olabisi Johnson,Colorado State,2019,MIN,0.00,-0.00,1.13,3.76
Jalen Guyton,North Texas,2019,,0.00,-0.00,1.09,3.75
Olamide Zaccheaus,Virginia,2019,,2.05,0.00,1.30,3.74
Jovon Durante,Florida Atlantic,2019,,0.00,0.00,1.15,3.58
Terry Godwin,Georgia,2019,CAR,0.00,-0.00,1.13,3.54
Marcus Green,Louisiana-Monroe,2019,ATL,0.00,-0.00,0.30,3.09
Trenton Irwin,Stanford,2019,,0.00,0.00,0.24,2.27
D.J. Moore,Maryland,2018,CAR,9.81,0.00,8.73,15.59
Calvin Ridley,Alabama,2018,ATL,12.93,0.00,8.70,14.09
D.J. Chark,Louisiana State,2018,JAX,2.67,0.00,5.86,13.46
Courtland Sutton,Southern Methodist,2018,DEN,8.52,0.00,7.76,12.02
Anthony Miller,Memphis,2018,CHI,8.01,0.00,7.45,11.85
Michael Gallup,Colorado State,2018,DAL,6.11,0.01,5.63,11.51
Ricky Jeune,Georgia Tech,2018,,0.00,0.00,1.34,10.82
Christian Kirk,Texas A&M,2018,ARI,10.29,0.00,7.79,10.73
James Washington,Oklahoma State,2018,PIT,3.12,0.00,5.67,10.47
Keke Coutee,Texas Tech,2018,HOU,10.45,-0.00,3.66,10.41
Antonio Callaway,Florida,2018,CLE,8.27,0.00,4.38,10.30
Dante Pettis,Washington,2018,SFO,8.62,0.00,6.42,10.06
Jordan Lasley,UCLA,2018,BAL,0.00,-0.00,2.20,9.96
Tre'Quan Smith,Central Florida,2018,NOR,6.71,-0.00,4.29,9.86
Justin Watson,Pennsylvania,2018,,0.12,-0.00,2.01,8.83
DaeSean Hamilton,Penn State,2018,DEN,4.74,-0.00,3.53,8.61
J'Mon Moore,Missouri,2018,GNB,0.12,-0.00,2.05,8.57
Jaleel Scott,New Mexico State,2018,BAL,0.00,-0.00,2.05,7.91
Robert Foster,Alabama,2018,,7.62,-0.00,1.85,7.65
Marquez Valdes-Scantling,South Florida,2018,GNB,6.94,-0.00,2.42,7.15
Daurice Fountain,N. Iowa,2018,,0.00,-0.00,1.99,6.85
Jester Weah,Pittsburgh,2018,,0.00,-0.00,1.00,6.51
Byron Pringle,Kansas State,2018,,0.00,-0.00,1.00,5.94
Keith Kirkwood,Temple,2018,,5.74,-0.00,1.20,5.92
Simmie Cobbs,Indiana,2018,,0.00,0.00,1.31,5.69
Deon Cain,Clemson,2018,IND,0.00,0.00,1.14,5.68
Darren Carrington,Utah,2018,,0.00,0.00,0.82,5.56
Damion Ratley,Texas A&M,2018,CLE,2.11,-0.00,1.21,5.47
Chad Beebe,Northern Illinois,2018,,2.63,0.00,1.06,5.33
Auden Tate,Florida State,2018,CIN,1.88,-0.00,1.24,5.02
Equanimeous St. Brown,Notre Dame,2018,GNB,4.52,0.00,1.19,4.94
Marcell Ateman,Oklahoma State,2018,OAK,5.20,-0.00,1.22,4.76
Deontay Burnett,Southern California,2018,,4.86,0.00,0.93,4.70
Javon Wims,Georgia,2018,CHI,1.80,-0.00,1.22,4.64
Richie James,Middle Tennessee State,2018,SFO,2.00,-0.00,1.32,4.64
Cam Phillips,Virginia Tech,2018,,0.95,0.00,0.74,4.61
Steve Ishmael,Syracuse,2018,,0.00,0.00,1.24,4.58
Malik Turner,Illinois,2018,,0.67,0.00,1.29,4.31
Cam Sims,Alabama,2018,,0.00,-0.00,1.27,4.16
Brandon Powell,Florida,2018,,4.05,0.00,1.25,4.15
Trey Quinn,Southern Methodist,2018,WAS,7.50,0.00,1.18,4.12
Allen Lazard,Iowa State,2018,,1.70,0.00,1.22,3.98
Cameron Batson,Texas Tech,2018,,1.48,-0.00,1.59,3.93
Steven Mitchell,Southern California,2018,,0.00,0.00,1.14,3.93
Korey Robertson,Southern Mississippi,2018,,0.00,0.00,1.19,3.93
Trent Sherfield,Vanderbilt,2018,,3.54,-0.00,1.15,3.91
Russell Gage,Louisiana State,2018,ATL,0.82,-0.00,1.20,3.76
Saeed Blacknall,Penn State,2018,,0.00,-0.00,0.08,3.53
Braxton Berrios,Miami (FL),2018,NWE,0.00,-0.00,1.14,3.44
Cedric Wilson,Boise State,2018,DAL,0.00,-0.00,0.26,3.38
Janarion Grant,Rutgers,2018,,0.00,-0.00,0.26,3.08
Dylan Cantrell,Texas Tech,2018,LAC,0.00,-0.00,0.26,3.07
Rico Gafford,Wyoming,2018,,0.00,-0.00,0.25,3.03
Derrick Willies,Texas Tech,2018,,1.82,-0.00,0.27,2.79
Steven Dunbar,Houston,2018,,0.00,0.00,0.24,2.42
Ray-Ray McCloud,Clemson,2018,BUF,0.70,-0.00,0.25,2.38
Devin Ross,Colorado,2018,,0.00,0.00,0.25,2.36
Chris Lacy,Oklahoma State,2018,,0.00,-0.00,0.23,2.26
Quadree Henderson,Pittsburgh,2018,,0.00,-0.00,0.25,2.05
Da'Mari Scott,Fresno State,2018,,0.00,0.00,0.25,1.68
Austin Proehl,North Carolina,2018,BUF,0.00,-0.00,0.25,1.50
Corey Davis,Western Michigan,2017,TEN,6.32,0.00,10.70,15.88
John Ross,Washington,2017,CIN,0.00,-0.00,5.89,14.95
Mike Williams,Clemson,2017,LAC,2.05,0.00,7.68,14.57
JuJu Smith-Schuster,Southern California,2017,PIT,13.69,0.00,8.66,13.81
Cooper Kupp,E. Washington,2017,,11.79,0.01,6.32,12.10
Zay Jones,East Carolina,2017,BUF,4.71,0.00,7.44,11.70
Curtis Samuel,Ohio State,2017,CAR,3.66,0.00,4.45,11.13
Taywan Taylor,Western Kentucky,2017,TEN,3.09,0.01,5.31,10.96
Kenny Golladay,Northern Illinois,2017,DET,8.60,-0.00,5.67,10.20
Dede Westbrook,Oklahoma,2017,JAX,9.56,-0.00,4.35,10.09
Chris Godwin,Penn State,2017,TAM,5.78,-0.00,4.60,9.86
Carlos Henderson,Louisiana Tech,2017,DEN,0.00,-0.00,3.67,9.67
Josh Malone,Tennessee,2017,CIN,1.68,-0.00,2.50,9.61
Mack Hollins,North Carolina,2017,PHI,2.79,-0.00,3.20,9.47
Amara Darboh,Michigan,2017,SEA,0.94,-0.00,3.56,9.08
Josh Reynolds,Texas A&M,2017,LAR,1.71,-0.00,3.30,8.87
Shelton Gibson,West Virginia,2017,PHI,0.62,-0.00,1.77,8.62
Ryan Switzer,North Carolina,2017,DAL,0.54,-0.00,1.96,8.52
Keelan Cole,Kentucky Wesleyan,2017,,8.30,-0.00,1.78,8.49
Ardarius Stewart,Alabama,2017,NYJ,1.13,0.01,3.76,8.46
Jehu Chesson,Michigan,2017,KAN,0.32,-0.00,2.00,8.39
Rodney Adams,South Florida,2017,MIN,0.00,-0.00,1.86,8.26
Chad Hansen,California,2017,NYJ,1.23,-0.00,2.14,7.78
Isaiah McKenzie,Georgia,2017,DEN,0.30,-0.00,2.13,7.72
Trent Taylor,Louisiana Tech,2017,SFO,6.40,0.00,1.45,6.40
Robert Davis,Georgia State,2017,WAS,0.00,-0.00,1.24,5.48
Isaiah Ford,Virginia Tech,2017,MIA,0.00,-0.00,1.27,5.22
Tanner Gentry,Wyoming,2017,,1.62,0.00,1.29,5.17
Travis Rudolph,Florida State,2017,,2.59,0.00,1.29,5.01
Austin Carr,Northwestern,2017,,0.00,0.00,1.32,4.95
Greg Ward Jr.,Houston,2017,,0.00,-0.00,1.26,4.24
Kendrick Bourne,E. Washington,2017,,3.79,-0.00,1.25,4.11
Zach Pascal,Old Dominion,2017,,0.00,0.00,1.21,3.97
Victor Bolden,Oregon State,2017,,0.00,0.00,1.16,3.89
David Moore,East Central (OK),2017,,0.00,-0.00,1.14,3.84
Alonzo Moore,Nebraska,2017,,0.00,0.00,0.24,3.83
Tim Patrick,Utah,2017,,0.00,0.00,1.18,3.82
Malachi Dupre,Louisiana State,2017,GNB,0.00,-0.00,0.33,3.71
Jerome Lane,Akron,2017,,0.00,0.00,0.37,3.56
Ricky Jones,Indiana,2017,,0.00,0.00,0.25,3.55
Noah Brown,Ohio State,2017,DAL,0.56,-0.00,1.23,3.54
Travin Dural,Louisiana State,2017,,0.00,0.00,0.26,3.53
Noel Thomas,Connecticut,2017,,0.00,0.00,0.33,3.49
James Quick,Louisville,2017,,0.00,0.00,0.26,3.46
Amba Etta-Tawo,Syracuse,2017,,0.00,0.00,0.31,3.44
Brandon Reilly,Nebraska,2017,,0.00,0.00,0.17,3.20
Deangelo Yancey,Purdue,2017,GNB,0.00,-0.00,0.42,3.20
Artavis Scott,Clemson,2017,,0.00,0.00,0.23,3.18
Dominique Reed,Arkansas,2017,,0.00,0.00,0.26,3.12
Keevan Lucas,Tulsa,2017,,0.00,0.00,0.30,3.10
Stacy Coley,Miami (FL),2017,MIN,0.00,-0.00,1.12,3.04
Jamari Staples,Louisville,2017,,0.00,0.00,0.24,3.00
Domonique Young,Purdue,2017,,0.00,0.00,0.33,2.96
Darreus Rogers,Southern California,2017,,0.00,0.00,0.24,2.92
Keon Hatcher,Arkansas,2017,,0.00,0.00,0.29,2.92
Carlton Agudosi,Rutgers,2017,,0.00,0.00,0.26,2.81
Kevonn Mabon,Ball State,2017,,0.00,0.00,0.25,2.78
Marcus Kemp,Hawaii,2017,,0.00,0.00,0.24,2.76
Trey Griffey,Arizona,2017,,0.00,0.00,0.26,2.75
Ricky Seals-Jones,Texas A&M,2017,,0.00,0.00,0.22,2.74
Andre Patton,Rutgers,2017,,0.00,0.00,0.29,2.71
Fred Ross,Mississippi State,2017,,0.00,0.00,0.31,2.67
Joshua Atkinson,Tulsa,2017,,0.00,0.00,0.28,2.67
Jordan Westerkamp,Nebraska,2017,,0.00,0.00,0.27,2.67
Drew Morgan,Arkansas,2017,,0.00,0.00,0.23,2.66
Tim White,Arizona State,2017,,0.00,0.00,0.24,2.64
Jesse Kroll,Central Michigan,2017,,0.00,0.00,0.25,2.63
R.J. Shelton,Michigan State,2017,,0.00,0.00,0.24,2.55
Jesus Wilson,Florida State,2017,,3.20,0.00,0.25,2.54
Deante' Gray,Texas Christian,2017,,0.00,-0.00,0.29,2.53
Ishmael Adams,UCLA,2017,,0.00,-0.00,0.40,2.52
Reggie Davis,Georgia,2017,,0.00,-0.00,0.25,2.52
Lynx Hawthorne,Baylor,2017,,0.00,-0.00,0.37,2.47
Sebastian Smith,Ohio,2017,,0.00,0.00,0.28,2.46
Anthony Nash,Duke,2017,,0.00,-0.00,0.27,2.45
Bug Howard,North Carolina,2017,,0.00,0.00,0.25,2.44
Dontez Ford,Pittsburgh,2017,,0.00,0.00,0.19,2.43
Kermit Whitfield,Florida State,2017,,0.00,0.00,0.26,2.42
Jhajuan Seales,Oklahoma State,2017,,0.00,0.00,0.23,2.40
Geno Lewis,Oklahoma,2017,,0.00,0.00,0.25,2.36
D.J. Thompson,Southern Mississippi,2017,,0.00,0.00,0.27,2.32
Chris Thompson,Florida,2017,,1.03,0.00,0.28,2.24
Gehrig Dieter,Alabama,2017,,0.00,0.00,0.24,2.23
Justin Hardee,Illinois,2017,,0.00,0.00,0.25,1.75
Jake Maulhardt,Wyoming,2017,,0.00,0.00,0.27,1.68
Ishmael Zamora,Baylor,2017,,0.00,0.00,0.27,1.65
Deante Burton,Kansas State,2017,,0.00,0.00,0.25,1.64
Francis Owusu,Stanford,2017,,0.00,0.00,0.24,1.62
River Cracraft,Washington State,2017,,0.00,0.00,0.25,1.59
Quincy Adeboyejo,Mississippi,2017,,0.00,0.00,0.23,1.59
Corey Coleman,Baylor,2016,CLE,9.33,0.00,9.16,15.26
William Fuller,Notre Dame,2016,HOU,8.73,0.00,8.74,14.22
Michael Thomas,Ohio State,2016,NOR,17.05,0.00,7.66,12.84
Josh Doctson,Texas Christian,2016,WAS,4.30,0.00,6.90,12.46
Tyler Boyd,Pittsburgh,2016,CIN,7.76,0.00,7.66,12.28
Leonte Carroo,Rutgers,2016,MIA,0.85,-0.00,4.51,12.08
Laquon Treadwell,Mississippi,2016,MIN,0.28,0.00,7.27,11.84
Tyreek Hill,Oklahoma State,2016,,12.44,-0.00,2.93,11.79
Sterling Shepard,Oklahoma,2016,NYG,11.53,0.00,6.88,11.60
Ricardo Louis,Auburn,2016,CLE,2.41,0.00,3.00,9.77
Chris Moore,Cincinnati,2016,BAL,0.90,-0.00,3.24,9.39
Demarcus Robinson,Florida,2016,KAN,0.00,-0.00,2.64,9.12
Rashard Higgins,Colorado State,2016,CLE,0.86,-0.00,2.18,9.04
Trevor Davis,California,2016,GNB,0.85,-0.00,2.59,9.04
Pharoh Cooper,South Carolina,2016,LAR,2.05,-0.00,3.11,9.02
Tajae Sharpe,Massachusetts,2016,TEN,6.58,-0.00,2.91,8.55
Malcolm Mitchell,Georgia,2016,NWE,6.86,-0.00,3.51,8.54
Braxton Miller,Ohio State,2016,HOU,3.09,-0.00,3.79,8.02
Jordan Payton,UCLA,2016,CLE,0.33,-0.00,1.83,7.55
Tanner McEvoy,Wisconsin,2016,,2.62,0.00,1.41,5.75
Robby Anderson,Temple,2016,,0.00,-0.00,1.52,5.74
Kolby Listenbee,Texas Christian,2016,BUF,0.00,-0.00,1.87,5.56
Roger Lewis,Bowling Green State,2016,,2.21,0.00,1.19,5.37
Marvin Hall,Washington,2016,,0.00,-0.00,0.95,5.05
Demarcus Ayers,Houston,2016,PIT,8.05,-0.00,1.09,4.86
Geronimo Allison,Illinois,2016,,4.42,0.00,1.26,4.80
Cody Core,Mississippi,2016,CIN,4.62,-0.00,1.11,4.70
Mike Thomas,Southern Mississippi,2016,LAR,0.31,-0.00,1.20,4.54
Aaron Burbridge,Michigan State,2016,SFO,0.86,-0.00,1.18,4.49
Alex Erickson,Wisconsin,2016,,0.82,0.00,1.20,4.43
Daniel Braverman,Western Michigan,2016,CHI,0.00,-0.00,1.22,4.32
Jakeem Grant,Texas Tech,2016,MIA,0.00,-0.00,1.38,4.29
Hunter Sharp,Utah State,2016,,0.00,0.00,1.18,4.29
Devin Lucien,Arizona State,2016,NWE,0.00,-0.00,1.15,4.27
Jalin Marshall,Ohio State,2016,,3.82,0.00,1.21,4.21
Paul Turner,Louisiana Tech,2016,,5.40,0.00,1.21,4.06
Maurice Harris,California,2016,,1.46,0.00,1.21,3.97
K.J. Brent,Wake Forest,2016,,0.00,0.00,0.28,3.95
Kenny Lawler,California,2016,SEA,0.00,-0.00,1.27,3.85
Cayleb Jones,Arizona,2016,,0.00,0.00,0.29,3.78
Jaydon Mickens,Washington,2016,,0.00,0.00,1.15,3.71
Devin Fuller,UCLA,2016,ATL,0.00,-0.00,1.07,3.63
Charone Peake,Clemson,2016,NYJ,2.91,-0.00,1.11,3.62
Devon Cajuste,Stanford,2016,,0.00,0.00,0.24,3.56
Alonzo Russell,Toledo,2016,,0.00,0.00,0.29,3.54
Tommylee Lewis,Northern Illinois,2016,,1.31,0.00,1.15,3.52
Bryce Treggs,California,2016,,1.30,-0.00,1.09,3.43
Chester Rogers,Grambling ST,2016,,3.31,-0.00,1.17,3.42
Keyarris Garrett,Tulsa,2016,,0.00,0.00,0.29,3.36
Johnny Holton,Cincinnati,2016,,0.51,0.00,0.31,3.08
De'Runnya Wilson,Mississippi State,2016,,0.00,0.00,0.29,3.04
Jordan Williams,Ball State,2016,,0.00,0.00,0.29,2.96
Nelson Spruce,Colorado,2016,,0.00,0.00,0.28,2.94
J.D. McKissic,Arkansas State,2016,,0.00,0.00,0.27,2.81
Tevaun Smith,Iowa,2016,,0.00,0.00,0.28,2.58
Rashawn Scott,Miami (FL),2016,,0.00,0.00,0.28,2.55
Bralon Addison,Oregon,2016,,0.00,0.00,0.30,2.54
Mekale McKay,Cincinnati,2016,,0.00,0.00,0.14,2.44
Jay Lee,Baylor,2016,,0.00,0.00,0.23,2.25
Jamal Turner,Nebraska,2016,,0.00,-0.00,0.24,2.25
D.J. Foster,Arizona State,2016,,0.00,0.00,0.22,2.23
Canaan Severin,Virginia,2016,,0.00,0.00,0.26,2.21
Byron Marshall,Oregon,2016,,0.00,0.00,0.26,2.17
Chris Brown,Notre Dame,2016,,0.00,0.00,0.24,2.13
Dom Williams,Washington State,2016,,0.00,0.00,0.26,2.04
Quenton Bundrage,Iowa State,2016,,0.00,0.00,0.26,1.92
Quinshad Davis,North Carolina,2016,,0.00,0.00,0.25,1.89
Deanthony Arnett,Michigan State,2016,,0.00,0.00,0.25,1.71
Amari Cooper,Alabama,2015,OAK,13.29,0.00,11.58,16.38
Devante Parker,Louisville,2015,MIA,6.53,0.00,8.46,14.67
Devin Smith,Ohio State,2015,NYJ,2.45,0.00,7.04,14.64
Chris Conley,Georgia,2015,KAN,2.68,0.01,5.30,14.11
Nelson Agholor,Southern California,2015,PHI,4.25,0.00,8.24,13.65
Kevin White,West Virginia,2015,CHI,0.00,0.00,7.25,13.28
Sammie Coates,Auburn,2015,PIT,0.30,-0.00,4.70,13.14
Breshad Perriman,Central Florida,2015,BAL,0.00,0.00,4.78,12.64
Tyler Lockett,Kansas State,2015,SEA,9.59,0.01,6.79,12.45
Phillip Dorsett,Miami (FL),2015,IND,4.20,0.00,6.37,12.35
Jaelen Strong,Arizona State,2015,HOU,4.81,0.01,7.26,11.80
Stefon Diggs,Maryland,2015,MIN,11.48,-0.00,4.82,11.59
Dorial Green-Beckham,Missouri,2015,TEN,7.06,0.00,6.81,10.90
Kenny Bell,Nebraska,2015,TAM,0.00,-0.00,2.37,10.02
Vince Mayle,Washington State,2015,CLE,0.00,-0.00,2.06,9.99
Ty Montgomery,Stanford,2015,GNB,7.00,-0.00,3.61,9.18
Justin Hardy,East Carolina,2015,ATL,4.49,-0.00,3.65,8.98
Tony Lippett,Michigan State,2015,MIA,0.00,-0.00,2.50,8.67
Rashad Greene,Florida State,2015,JAX,4.48,0.00,2.55,8.66
Jamison Crowder,Duke,2015,WAS,8.35,0.00,3.55,8.39
Deandre Smelter,Georgia Tech,2015,,0.00,0.00,1.33,8.26
Titus Davis,Central Michigan,2015,,0.00,0.00,0.38,6.34
Kaelin Clay,Utah,2015,TAM,0.00,-0.00,1.22,5.46
Andrew Turzilli,Rutgers,2015,,1.50,0.00,1.07,4.90
Lucky Whitehead,Florida Atlantic,2015,,1.09,-0.00,1.14,4.90
Keith Mumphery,Michigan State,2015,HOU,1.68,-0.00,1.41,4.74
Jordan Taylor,Rice,2015,,0.00,0.00,1.27,4.67
Geremy Davis,Connecticut,2015,NYG,0.41,-0.00,1.17,4.60
Tre McBride,William & Mary,2015,,1.37,-0.00,1.62,4.60
Mario Alford,West Virginia,2015,CIN,2.50,-0.00,1.11,4.59
Adam Humphries,Clemson,2015,,4.54,0.00,1.17,4.54
Kasen Williams,Washington,2015,,1.15,0.00,1.23,4.40
Da'Ron Brown,Northern Illinois,2015,,0.00,0.00,1.19,4.20
Bradley Marquez,Texas Tech,2015,,1.62,0.00,1.17,4.08
Dezmin Lewis,C. Arkansas,2015,,0.00,-0.00,1.17,3.71
Chandler Worthy,Troy,2015,,1.47,-0.00,1.07,3.53
Evan Spencer,Ohio State,2015,WAS,0.00,-0.00,1.16,3.52
Tyrell Williams,W. Oregon,2015,,2.43,-0.00,1.13,3.52
Ezell Ruffin,San Diego State,2015,,0.00,0.00,0.29,3.32
Antwan Goodley,Baylor,2015,,0.00,0.00,0.25,3.18
Darius Jennings,Virginia,2015,,6.42,0.00,1.15,3.09
Quan Bray,Auburn,2015,,0.00,0.00,1.16,3.08
Deandrew White,Alabama,2015,,0.95,-0.00,1.07,3.01
Rannell Hall,Central Florida,2015,,0.00,0.00,0.26,2.96
Dres Anderson,Utah,2015,,0.00,0.00,0.28,2.80
Cam Worthy,East Carolina,2015,,0.00,0.00,0.23,2.80
Tyler Murphy,Boston College,2015,,1.30,0.00,0.26,2.53
Devin Gardner,Michigan,2015,,0.00,-0.00,0.27,2.42
Malcome Kennedy,Texas A&M,2015,,0.00,0.00,0.24,1.71
Levi Norwood,Baylor,2015,,0.00,0.00,0.24,1.59
Odell Beckham Jr.,Louisiana State,2014,NYG,24.58,0.00,11.15,18.30
Mike Evans,Texas A&M,2014,TAM,16.34,0.00,11.17,16.55
Sammy Watkins,Clemson,2014,BUF,12.38,0.00,11.96,16.30
Marqise Lee,Southern California,2014,JAX,6.62,0.00,8.82,14.49
Brandin Cooks,Oregon State,2014,NOR,13.93,0.00,9.93,14.42
Kelvin Benjamin,Florida State,2014,CAR,14.11,0.00,7.84,14.19
Paul Richardson,Colorado,2014,SEA,4.14,0.00,7.72,13.56
Jordan Matthews,Vanderbilt,2014,PHI,12.64,0.00,8.54,13.27
Martavis Bryant,Clemson,2014,PIT,13.01,-0.00,3.85,12.75
Allen Robinson,Penn State,2014,JAX,11.68,0.00,7.33,12.01
Jarvis Landry,Louisiana State,2014,MIA,11.34,0.00,5.79,11.82
Donte Moncrief,Mississippi,2014,IND,6.01,-0.00,4.90,11.33
Davante Adams,Fresno State,2014,GNB,6.29,0.00,7.49,10.72
Cody Latimer,Indiana,2014,DEN,0.54,0.00,5.71,9.98
Bruce Ellington,South Carolina,2014,SFO,2.54,-0.00,3.27,9.36
Josh Huff,Oregon,2014,PHI,1.38,-0.00,3.86,9.33
Jalen Saunders,Oklahoma,2014,NYJ,0.00,-0.00,4.19,8.87
Shaquelle Evans,UCLA,2014,NYJ,0.00,-0.00,3.09,8.66
Kevin Norwood,Alabama,2014,SEA,2.13,-0.00,2.01,8.55
Ryan Grant,Tulane,2014,WAS,0.86,-0.00,2.07,8.29
Devin Street,Pittsburgh,2014,DAL,0.24,-0.00,2.13,8.11
Dri Archer,Kent State,2014,PIT,0.00,-0.00,3.26,7.20
Jeff Janis,Saginaw Valley ST,2014,,1.20,-0.00,1.40,6.61
Michael Campanaro,Wake Forest,2014,BAL,5.80,-0.00,1.28,6.41
Jared Abbrederis,Wisconsin,2014,GNB,0.00,-0.00,1.40,6.06
Corey Brown,Ohio State,2014,,5.39,-0.00,1.14,5.37
Willie Snead,Ball State,2014,,0.00,0.00,1.33,5.32
Allen Hurns,Miami (FL),2014,,9.67,0.00,1.35,5.14
Tevin Reese,Baylor,2014,SDG,0.00,-0.00,1.22,4.80
Solomon Patton,Florida,2014,,0.27,-0.00,1.09,4.73
Albert Wilson,Georgia State,2014,,3.50,0.00,1.17,4.72
Robert Herron,Wyoming,2014,TAM,2.23,0.00,1.13,4.66
Brandon Coleman,Rutgers,2014,,0.00,0.00,0.99,4.48
T.J. Jones,Notre Dame,2014,DET,0.00,-0.00,1.18,4.44
Jeremy Gallon,Michigan,2014,NWE,0.00,-0.00,1.15,4.19
Walt Powell,Murray ST,2014,,0.00,-0.00,1.29,4.16
Matt Hazel,Coastal Carolina,2014,,0.00,-0.00,1.15,3.92
Taylor Gabriel,Abilene Christian,2014,,6.63,-0.00,1.13,3.91
L'Damian Washington,Missouri,2014,,0.00,0.00,0.25,3.80
Austin Franklin,New Mexico State,2014,,0.00,0.00,0.33,3.71
Bennie Fowler,Michigan State,2014,,0.00,0.00,1.16,3.65
Quincy Enunwa,Nebraska,2014,NYJ,0.00,-0.00,1.12,3.56
Javontee Herndon,Arkansas,2014,,0.00,-0.00,1.15,3.32
Colin Lockett,San Diego State,2014,,0.00,0.00,0.28,3.17
Kain Colter,Northwestern,2014,,0.00,-0.00,0.27,3.04
James Wright,Louisiana State,2014,CIN,1.55,-0.00,1.15,2.97
Chris Boyd,Vanderbilt,2014,,0.00,0.00,0.26,2.93
Trey Burton,Florida,2014,,0.00,0.00,0.25,2.93
Damian Copeland,Louisville,2014,,0.00,0.00,0.25,2.72
Chandler Jones,San Jose State,2014,,0.00,0.00,0.30,2.71
Donte Foster,Ohio,2014,,0.00,0.00,0.31,2.65
Eric Thomas,Troy,2014,,0.00,0.00,0.25,2.39
Derel Walker,Texas A&M,2014,,0.00,0.00,0.30,2.34
Rashad Lawrence,Northwestern,2014,,0.00,0.00,0.28,2.20
Marcus Lucas,Missouri,2014,,0.00,0.00,0.22,2.18
Isaiah Burse,Fresno State,2014,,0.00,0.00,0.25,2.10
Eric Ward,Texas Tech,2014,,0.00,0.00,0.26,2.01
Mike Davis,Texas,2014,,0.00,0.00,0.30,1.84
Ryan Lankford,Illinois,2014,,0.00,0.00,0.28,1.82
Quron Pratt,Rutgers,2014,,0.00,0.00,0.26,1.81
Travis Labhart,Texas A&M,2014,,0.00,0.00,0.27,1.80
Josh Stewart,Oklahoma State,2014,,0.00,0.00,0.25,1.69
Micah Hatfield,Oregon State,2014,,0.00,0.00,0.28,1.67
Kadron Boone,Louisiana State,2014,,0.00,0.00,0.26,1.65
Keenan Allen,California,2013,SDG,14.64,0.01,7.59,14.86
Justin Hunter,Tennessee,2013,TEN,5.53,0.00,6.77,14.10
Deandre Hopkins,Clemson,2013,HOU,8.89,0.00,9.60,13.82
Robert Woods,Southern California,2013,BUF,8.59,0.00,8.12,12.96
Cordarrelle Patterson,Tennessee,2013,MIN,9.36,0.00,7.27,12.72
Tavon Austin,West Virginia,2013,STL,9.61,0.00,7.46,12.59
Terrance Williams,Baylor,2013,DAL,9.12,0.01,5.84,11.57
Aaron Dobson,Marshall,2013,NWE,9.41,0.00,5.81,10.35
Josh Boyce,Texas Christian,2013,NWE,2.34,-0.00,4.56,10.27
Corey Fuller,Virginia Tech,2013,DET,0.00,-0.00,1.82,9.67
Quinton Patton,Louisiana Tech,2013,SFO,1.50,-0.00,2.43,9.62
Marquise Goodwin,Texas,2013,BUF,5.22,0.00,3.95,9.49
Stedman Bailey,West Virginia,2013,STL,3.06,-0.00,3.80,8.97
Tavarres King,Georgia,2013,DEN,0.00,-0.00,1.80,8.54
Ace Sanders,South Carolina,2013,JAX,7.38,-0.00,3.49,8.47
Kenbrell Thompkins,Cincinnati,2013,,8.55,0.00,1.38,8.32
Denard Robinson,Michigan,2013,JAX,0.00,-0.00,1.45,8.26
Markus Wheaton,Oregon State,2013,PIT,1.03,0.01,4.02,8.25
Chris Harper,Kansas State,2013,SEA,0.00,-0.00,2.05,8.15
Kenny Stills,Oklahoma,2013,NOR,7.94,-0.00,3.04,8.08
Marlon Brown,Georgia,2013,,10.37,-0.00,1.26,6.87
Marquess Wilson,Washington State,2013,CHI,0.33,0.00,1.47,6.26
Ryan Swope,Texas A&M,2013,ARI,0.00,-0.00,2.27,6.07
Alan Bonner,Jacksonville ST,2013,,0.00,-0.00,1.26,5.75
Cobi Hamilton,Arkansas,2013,CIN,0.00,-0.00,1.25,5.10
Darius Johnson,Southern Methodist,2013,,4.70,0.00,1.29,4.95
Nick Williams,Connecticut,2013,,1.30,-0.00,1.26,4.93
Rashad Ross,Arizona State,2013,,0.00,-0.00,1.61,4.75
Adam Thielen,Minnesota St,2013,,0.00,-0.00,1.17,4.29
Mark Harrison,Rutgers,2013,,0.00,0.00,0.47,4.19
Emory Blake,Auburn,2013,,0.00,0.00,0.42,3.97
Marcus Davis,Virginia Tech,2013,,0.00,0.00,0.24,3.85
Brice Butler,San Diego State,2013,OAK,1.93,-0.00,1.49,3.83
Rodney Smith,Florida State,2013,,0.00,-0.00,1.15,3.78
Myles White,Louisiana Tech,2013,,0.00,-0.00,1.14,3.71
Alec Lemon,Syracuse,2013,,0.00,0.00,0.32,3.35
Chad Bumphis,Mississippi State,2013,,0.00,0.00,0.26,3.26
Kevin Dorsey,Maryland,2013,GNB,0.00,-0.00,1.13,3.16
Justin Brown,Oklahoma,2013,PIT,0.00,-0.00,1.15,3.14
Jaron Brown,Clemson,2013,,1.94,-0.00,1.11,2.97
Russell Shepard,Louisiana State,2013,,0.00,-0.00,1.13,2.95
Justin Veltung,Idaho,2013,,0.00,-0.00,0.27,2.74
Lamaar Thomas,New Mexico,2013,,2.55,0.00,0.27,2.58
Andy Cruse,Miami (OH),2013,,0.00,0.00,0.28,2.45
Will Murphy,Oregon,2013,,0.00,-0.00,0.30,2.44
Chuck Jacobs,Utah State,2013,,0.00,0.00,0.28,2.40
Conner Vernon,Duke,2013,,0.00,0.00,0.31,2.32
Cody Wilson,Central Michigan,2013,,0.00,0.00,0.26,2.32
Dan Buckner,Arizona,2013,,0.00,0.00,0.25,2.24
Alex Gillett,Eastern Michigan,2013,,0.00,-0.00,0.26,2.21
Reggie Dunn,Utah,2013,,0.00,0.00,0.26,2.20
Zach Rogers,Tennessee,2013,,0.00,-0.00,0.25,2.18
Arceto Clark,Mississippi State,2013,,0.00,0.00,0.25,2.18
Erik Highsmith,North Carolina,2013,,0.00,0.00,0.25,2.17
Uzoma Nwachukwu,Texas A&M,2013,,0.00,0.00,0.22,2.08
T.J. Moe,Missouri,2013,,0.00,0.00,0.27,2.01
Lanear Sampson,Baylor,2013,,0.00,0.00,0.23,1.94
Josh Lenz,Iowa State,2013,,0.00,0.00,0.25,1.62
Skye Dawson,Texas Christian,2013,,0.67,0.00,0.26,1.62
Stephen Hill,Georgia Tech,2012,NYJ,5.84,0.00,7.92,16.45
Michael Floyd,Notre Dame,2012,ARI,6.95,0.00,9.92,14.88
Kendall Wright,Baylor,2012,TEN,9.93,0.00,9.96,14.52
A.J. Jenkins,Illinois,2012,SFO,0.00,0.00,7.10,14.26
Alshon Jeffery,South Carolina,2012,CHI,7.87,0.00,8.80,13.94
Justin Blackmon,Oklahoma State,2012,JAX,11.55,0.00,9.44,12.65
T.Y. Hilton,Florida International,2012,IND,12.07,-0.00,6.19,12.32
Rueben Randle,Louisiana State,2012,NYG,4.17,0.00,6.12,10.98
Brian Quick,Appalachian ST,2012,,2.57,0.00,6.46,10.93
T.J. Graham,North Carolina State,2012,BUF,4.65,0.01,5.25,10.79
Devier Posey,Ohio State,2012,HOU,1.31,0.00,6.42,10.21
Devon Wylie,Fresno State,2012,KAN,1.88,-0.00,3.73,10.12
Travis Benjamin,Miami (FL),2012,CLE,4.60,-0.00,3.96,9.93
Jarius Wright,Arkansas,2012,MIN,9.44,-0.00,3.56,9.78
Chris Givens,Wake Forest,2012,STL,8.87,-0.00,4.63,9.67
Ryan Broyles,Oklahoma,2012,DET,6.50,0.00,5.60,9.62
Danny Coale,Virginia Tech,2012,DAL,0.00,-0.00,1.89,9.25
Mohamed Sanu,Rutgers,2012,CIN,7.09,-0.00,4.28,9.16
Keshawn Martin,Michigan State,2012,HOU,1.86,-0.00,2.07,8.61
Marvin Jones,California,2012,CIN,4.44,-0.00,2.08,8.45
Greg Childs,Arkansas,2012,MIN,0.00,-0.00,2.05,8.40
Nick Toon,Wisconsin,2012,NOR,0.00,-0.00,2.20,8.27
Joe Adams,Arkansas,2012,CAR,0.00,-0.00,3.39,8.19
Juron Criner,Arizona,2012,OAK,3.26,-0.00,2.10,7.74
Jordan White,Western Michigan,2012,NYJ,0.77,-0.00,1.17,7.50
Eric Page,Toledo,2012,,0.00,0.00,1.56,6.57
Rod Streater,Temple,2012,,7.21,-0.00,1.22,6.43
Jarrett Boykin,Virginia Tech,2012,,0.77,0.00,1.00,5.92
Rishard Matthews,Nevada,2012,MIA,3.26,-0.00,1.38,5.91
Tommy Streeter,Miami (FL),2012,BAL,0.00,-0.00,1.53,5.79
Chris Owusu,Stanford,2012,,0.68,-0.00,1.84,5.44
Marvin McNutt,Iowa,2012,PHI,0.00,-0.00,1.25,5.18
Deonte Thompson,Florida,2012,,1.35,-0.00,1.79,4.95
B.J. Cunningham,Michigan State,2012,MIA,0.00,-0.00,1.22,4.91
Lavon Brazill,Ohio,2012,IND,2.24,-0.00,1.23,4.66
Jermaine Kearse,Washington,2012,,0.87,0.00,1.19,4.61
Junior Hemingway,Michigan,2012,KAN,0.00,-0.00,1.02,4.49
Damaris Johnson,Tulsa,2012,,2.99,0.00,1.25,4.43
Jeremy Ebert,Northwestern,2012,NWE,0.00,-0.00,1.13,4.25
Phil Bates,Ohio,2012,,0.00,-0.00,0.28,4.17
Dwight Jones,North Carolina,2012,,0.00,0.00,0.41,3.93
Cole Beasley,Southern Methodist,2012,,2.78,0.00,1.14,3.85
Kashif Moore,Connecticut,2012,,0.00,0.00,0.38,3.83
Josh Cooper,Oklahoma State,2012,,3.10,0.00,1.10,3.76
Griff Whalen,Stanford,2012,,0.00,0.00,1.21,3.75
Toney Clemons,Colorado,2012,PIT,1.77,-0.00,1.15,3.70
Derek Moye,Penn State,2012,,0.00,0.00,0.28,3.69
Patrick Edwards,Houston,2012,,0.00,0.00,0.31,3.46
Josh Bellamy,Louisville,2012,,0.00,0.00,1.15,3.27
Michael Calvin,California,2012,,0.00,0.00,0.27,2.94
Nathan Palmer,Northern Illinois,2012,,0.12,0.00,0.27,2.79
Royce Pollard,Hawaii,2012,,0.00,0.00,0.31,2.78
Tray Session,Nevada,2012,,0.00,0.00,0.26,2.66
Bert Reed,Florida State,2012,,0.00,0.00,0.25,2.36
Darius Hanks,Alabama,2012,,0.00,0.00,0.25,1.97
David Douglas,Arizona,2012,,0.00,0.00,0.25,1.87
Jerrell Jackson,Missouri,2012,,0.00,0.00,0.27,1.84
James Rodgers,Oregon State,2012,,0.00,0.00,0.28,1.77
Laron Byrd,Miami (FL),2012,,0.45,-0.00,0.25,1.72
Jeff Fuller,Texas A&M,2012,,0.00,0.00,0.27,1.65
Mike Willie,Arizona State,2012,,0.00,0.00,0.27,1.63
Julio Jones,Alabama,2011,ATL,15.50,0.00,12.05,17.79
A.J. Green,Georgia,2011,CIN,14.53,0.00,11.69,16.78
Jonathan Baldwin,Pittsburgh,2011,KAN,4.76,0.00,6.04,13.06
Torrey Smith,Maryland,2011,BAL,11.25,0.00,5.92,11.24
Titus Young,Boise State,2011,DET,9.26,0.00,6.91,10.55
Randall Cobb,Kentucky,2011,GNB,4.13,0.00,5.38,10.28
Clyde Gates,Abilene Christian,2011,,0.29,0.00,3.12,10.00
Cecil Shorts,Mount Union,2011,,1.10,-0.00,2.98,9.94
Greg Little,North Carolina,2011,CLE,9.09,0.00,5.20,9.80
Denarius Moore,Tennessee,2011,OAK,10.53,0.00,2.33,9.52
Greg Salas,Hawaii,2011,STL,8.70,-0.00,3.82,9.18
Kris Durham,Georgia,2011,SEA,2.00,-0.00,3.60,9.10
Leonard Hankerson,Miami (FL),2011,WAS,7.83,0.01,4.15,9.03
Vincent Brown,San Diego State,2011,SDG,4.56,-0.00,4.06,9.02
Austin Pettis,Boise State,2011,STL,4.33,0.01,4.49,8.71
Tandon Doss,Indiana,2011,BAL,0.00,-0.00,2.22,8.56
Ryan Whalen,Stanford,2011,CIN,1.68,-0.00,2.01,8.22
Jerrel Jernigan,Troy,2011,NYG,0.00,-0.00,3.66,8.13
Kealoha Pilares,Hawaii,2011,CAR,0.00,-0.00,1.99,7.94
Jeremy Kerley,Texas Christian,2011,NYJ,4.92,-0.00,1.94,7.76
Niles Paul,Nebraska,2011,WAS,0.00,-0.00,1.01,6.70
Aldrick Robinson,Southern Methodist,2011,WAS,0.00,-0.00,1.15,5.64
Jeremy Ross,California,2011,,0.00,-0.00,1.17,5.42
Armon Binns,Cincinnati,2011,,0.00,0.00,1.25,5.33
Dwayne Harris,East Carolina,2011,DAL,0.00,-0.00,1.36,5.26
Doug Baldwin,Stanford,2011,,9.60,0.00,1.20,4.93
Jeff Maehl,Oregon,2011,,0.00,0.00,1.14,4.61
Kamar Aiken,Central Florida,2011,,0.00,-0.00,1.20,4.54
Dane Sanzenbacher,Ohio State,2011,,4.51,0.00,1.22,4.42
Chris Matthews,Kentucky,2011,,0.00,0.00,1.25,4.41
Scotty McKnight,Colorado,2011,NYJ,0.00,-0.00,1.19,4.12
Ronald Johnson,Southern California,2011,SFO,0.00,-0.00,1.17,4.08
Drew Davis,Oregon,2011,,0.00,0.00,1.21,4.05
Darvin Adams,Auburn,2011,,0.00,0.00,0.37,4.02
Owen Spencer,North Carolina State,2011,,0.00,0.00,0.11,3.81
Kevin Cone,Georgia Tech,2011,,0.00,-0.00,1.14,3.63
Demarco Sampson,San Diego State,2011,ARI,0.55,-0.00,1.17,3.61
Mark Dell,Michigan State,2011,,0.00,0.00,0.28,3.47
Kris Adams,Texas-El Paso,2011,,0.00,0.00,0.22,3.45
Dontrelle Inman,Virginia,2011,,0.00,0.00,1.14,3.32
Jamel Hamler,Fresno State,2011,,0.00,0.00,0.33,3.30
David Gilreath,Wisconsin,2011,,0.00,0.00,0.26,3.30
Jamar Newsome,Central Florida,2011,,0.00,0.00,0.26,3.23
Michael Campbell,Temple,2011,,0.00,0.00,0.31,3.08
Terrence Toliver,Louisiana State,2011,,0.00,0.00,0.27,3.05
Keith Smith,San Jose State,2011,,0.00,-0.00,0.26,2.65
D'Andre Goodwin,Washington,2011,,0.00,0.00,0.32,2.63
David Ausberry,Southern California,2011,OAK,0.00,-0.00,0.25,2.50
Kerry Taylor,Arizona State,2011,,0.00,0.00,0.26,2.16
Tori Gurley,South Carolina,2011,,0.00,0.00,0.23,1.99
Laquan Williams,Maryland,2011,,0.72,-0.00,0.26,1.74
Demaryius Thomas,Georgia Tech,2010,DEN,5.84,0.00,9.28,16.23
Dez Bryant,Oklahoma State,2010,DAL,11.26,0.00,8.77,13.80
Mike Williams,Syracuse,2010,TAM,13.84,-0.00,5.20,12.33
Golden Tate,Notre Dame,2010,SEA,4.01,0.00,5.85,12.09
Arrelious Benn,Illinois,2010,TAM,5.33,0.00,7.64,10.81
Mardy Gilyard,Cincinnati,2010,STL,0.94,-0.00,4.34,10.67
Jacoby Ford,Clemson,2010,OAK,6.84,-0.00,3.48,10.59
Emmanuel Sanders,Southern Methodist,2010,PIT,5.82,-0.00,4.63,10.34
Brandon Lafell,Louisiana State,2010,CAR,6.91,0.01,4.55,9.67
Andre Roberts,Citadel,2010,,4.31,-0.00,3.96,9.34
Taylor Price,Ohio,2010,NWE,7.10,-0.00,4.08,9.14
Eric Decker,Minnesota,2010,DEN,1.47,-0.00,3.78,8.92
Riley Cooper,Florida,2010,PHI,1.89,-0.00,1.87,8.89
Jordan Shipley,Texas,2010,CIN,8.67,-0.00,3.83,8.56
David Reed,Utah,2010,BAL,0.12,-0.00,1.98,8.22
Damian Williams,Southern California,2010,TEN,2.40,0.01,4.63,7.64
Danario Alexander,Missouri,2010,,7.08,0.00,1.35,7.19
Trindon Holliday,Louisiana State,2010,HOU,0.00,-0.00,1.79,6.70
Dezmon Briscoe,Kansas,2010,CIN,10.65,-0.00,1.21,6.24
Naaman Roosevelt,Buffalo,2010,,3.87,0.00,1.36,5.76
Carlton Mitchell,South Florida,2010,CLE,0.18,0.00,1.30,5.74
David Nelson,Florida,2010,,5.62,0.00,1.21,5.63
Kevin Jurovich,San Jose State,2010,,0.00,0.00,0.57,5.62
Blair White,Michigan State,2010,,7.81,-0.00,1.21,5.48
Seyi Ajirotutu,Fresno State,2010,,5.12,0.00,1.33,5.26
Brandon Banks,Kansas State,2010,,0.28,0.00,1.23,5.14
Stephen Williams,Toledo,2010,,1.74,-0.00,1.32,5.08
Antonio Brown,Central Michigan,2010,PIT,3.63,-0.00,1.23,4.98
Preston Parker,Florida State,2010,,0.99,0.00,1.24,4.97
Timothy Toone,Weber ST,2010,,0.00,-0.00,0.16,4.90
Terrence Austin,UCLA,2010,WAS,1.54,-0.00,1.20,4.81
Marcus Easley,Connecticut,2010,,0.00,-0.00,1.09,4.76
Kerry Meier,Kansas,2010,,0.00,0.00,1.30,4.53
Marc Mariani,Montana,2010,,0.00,-0.00,1.10,4.44
Chastin West,Fresno State,2010,,0.00,0.00,1.21,4.43
Dorin Dickerson,Pittsburgh,2010,HOU,0.00,-0.00,0.36,4.39
Joe Webb,Alabama-Birmingham,2010,MIN,0.00,-0.00,0.28,4.39
Kyle Williams,Arizona State,2010,SFO,0.36,-0.00,1.12,4.38
David Gettis,Baylor,2010,CAR,7.07,-0.00,1.17,4.31
Max Komar,Idaho,2010,,2.71,0.00,1.20,4.11
Marlon Moore,Fresno State,2010,,2.93,0.00,1.17,3.93
Victor Cruz,Massachusetts,2010,,0.00,0.00,1.29,3.46
Donald Jones,Appalachian ST,2010,,3.03,-0.00,1.15,3.42
Verran Tucker,California,2010,,2.13,0.00,0.27,3.12
Duke Calhoun,Memphis,2010,,0.16,0.00,0.30,3.09
Roberto Wallace,San Diego State,2010,,1.02,0.00,0.27,2.51
Richard Goodman,Florida State,2010,,0.50,0.00,0.26,2.25
Chris Brooks,Nebraska,2010,,0.00,0.00,0.29,2.18
Bryan Walters,Cornell,2010,,0.00,-0.00,0.28,1.94