Name,School,Draft_Year,Landing_Team,Y1-Y3_PPR_PPG,5%,Mean,95%
Jordan Addison,Pittsburgh,2023,,,1.67,9.42,15.10
Josh Downs,North Carolina,2023,,,1.75,8.11,15.06
Quentin Johnston,Texas Christian,2023,,,1.46,8.52,14.37
Jaxon Smith-Njigba,Ohio State,2023,,,1.72,6.66,14.30
Zay Flowers,Boston College,2023,,,1.66,6.26,11.47
Kayshon Boutte,Louisiana State,2023,,,1.68,7.12,11.42
Dontay Demus,Maryland,2023,,,0.04,0.69,9.02
Jalin Hyatt,Tennessee,2023,,,1.64,4.23,8.96
Jayden Reed,Michigan State,2023,,,0.03,0.51,8.03
Lavel Davis,Virginia,2023,,,0.00,0.23,7.28
Marvin Mims,Oklahoma,2023,,,0.48,3.33,7.03
Rakim Jarrett,Maryland,2023,,,0.00,0.56,5.87
Donavon Greene,Wake Forest,2023,,,0.00,0.24,5.83
Julian Fleming,Ohio State,2023,,,0.00,0.29,5.17
Parker Washington,Penn State,2023,,,0.00,0.28,4.42
Marcus Rosemy,Georgia,2023,,,0.00,0.40,4.17
Ajou Ajou,Clemson,2023,,,0.00,0.40,3.92
Jalen McMillan,Washington,2023,,,0.00,0.25,3.20
Jermaine Burton,Georgia,2023,,,0.00,0.21,3.06
Demond Demas,Texas A&M,2023,,,0.00,0.29,2.69
Jaden Walley,Mississippi State,2023,,,0.00,0.21,2.68
E.J. Williams,Clemson,2023,,,0.00,0.21,2.54
Skyy Moore,Western Michigan,2022,KC,2.71,1.89,9.73,17.02
Treylon Burks,Arkansas,2022,TEN,8.55,1.71,9.75,16.20
Christian Watson,N. Dakota ST,2022,GB,11.72,1.67,6.28,16.15
Alec Pierce,Cincinnati,2022,IND,7.01,1.88,6.87,16.08
Jameson Williams,Alabama,2022,DET,2.52,1.65,7.66,15.65
Drake London,Southern California,2022,ATL,10.51,1.71,7.94,15.40
Wan'Dale Robinson,Kentucky,2022,NYG,8.60,1.86,7.95,15.35
Tyquan Thornton,Baylor,2022,NE,5.10,1.85,6.51,14.75
Chris Olave,Ohio State,2022,NO,13.21,1.90,6.74,14.74
Garrett Wilson,Ohio State,2022,NYJ,12.36,1.92,7.18,14.52
George Pickens,Georgia,2022,PIT,9.39,1.86,6.60,14.29
Jahan Dotson,Penn State,2022,WAS,10.88,1.90,7.79,14.17
Isaiah Weston,N. Iowa,2022,CLE,0.00,-0.04,2.43,13.66
Velus Jones Jr.,Tennessee,2022,CHI,2.83,1.14,4.84,13.65
Jalen Tolbert,South Alabama,2022,DAL,0.00,0.79,7.16,12.91
Calvin Austin III,Memphis,2022,PIT,0.00,0.04,2.77,12.49
John Metchie,Alabama,2022,HOU,0.00,1.68,5.23,12.04
Danny Gray,Southern Methodist,2022,SF,0.00,0.13,3.58,11.64
Kyle Philips,UCLA,2022,TEN,2.95,0.02,2.12,11.04
David Bell,Purdue,2022,CLE,3.03,0.13,5.17,9.94
Jalen Nailor,Michigan State,2022,MIN,2.19,-0.01,2.00,9.67
Erik Ezukanma,Texas Tech,2022,MIA,0.00,-0.04,2.49,9.60
Khalil Shakir,Boise State,2022,BUF,2.33,0.04,3.02,9.56
Deven Thompkins,Utah State,2022,TB,0.00,0.00,0.92,9.23
Jaivon Heiligh,Coastal Carolina,2022,,0.00,0.00,2.60,9.15
Dai'Jean Dixon,Nicholls ST,2022,,0.00,0.00,2.83,9.12
Bo Melton,Rutgers,2022,SEA,0.00,-0.01,2.37,9.06
Romeo Doubs,Nevada,2022,GB,7.82,0.01,2.96,8.90
Braylon Sanders,Mississippi,2022,MIA,0.00,-0.02,2.30,7.87
Kevin Austin,Notre Dame,2022,JAX,0.00,-0.00,2.07,7.52
Tre Turner,Virginia Tech,2022,,0.00,-0.00,2.54,7.10
Charleston Rambo,Oklahoma,2022,BUF,0.00,0.00,2.22,6.77
Ronnie Bell,Michigan,2022,,0.00,0.00,0.22,6.58
Makai Polk,Mississippi State,2022,,0.00,0.00,2.61,6.43
K.D. Nixon,Southern California,2022,,0.00,0.00,2.44,6.35
Dontario Drummond,Mississippi,2022,DAL,0.00,0.00,2.40,6.08
Samori Toure,Nebraska,2022,GB,1.92,-0.02,2.51,6.06
Justyn Ross,Clemson,2022,KC,0.00,0.00,2.99,6.05
Mike Woods,Oklahoma,2022,CLE,0.00,0.00,2.53,5.76
Stanley Berryhill III,Arizona,2022,ATL,0.00,0.00,2.20,5.57
Emeka Emezie,North Carolina State,2022,BAL,0.00,0.00,0.80,5.29
Reggie Roberson Jr.,Southern Methodist,2022,,0.00,0.00,0.29,5.06
Dante Wright,Colorado State,2022,,0.00,0.00,0.30,4.78
Jonathan Mingo,Mississippi,2022,,0.00,0.00,0.19,4.05
Corey Sutton,Appalachian State,2022,DET,0.00,0.00,0.32,3.90
C.J. Moore,Oklahoma State,2022,,0.00,0.00,0.40,3.88
Bru McCoy,Southern California,2022,,0.00,0.00,0.29,3.70
Jalen Virgil,Appalachian State,2022,DEN,1.50,0.00,0.25,3.51
C.J. Johnson,East Carolina,2022,,0.00,0.00,0.23,3.50
Theo Wease,Oklahoma,2022,,0.00,0.00,0.28,3.44
Thomas Hennigan,Appalachian State,2022,MIN,0.00,0.00,0.26,3.40
Kalil Pimpleton,Central Michigan,2022,DET,0.00,0.00,0.22,3.33
Trey Knox,Arkansas,2022,,0.00,0.00,0.26,3.24
Cornelius Johnson,Michigan,2022,,0.00,0.00,0.25,3.17
Demetris Robertson,Auburn,2022,,0.00,0.00,0.27,3.12
Jordan Whittington,Texas,2022,,0.00,0.00,0.28,3.09
Stephan Robinson,Kansas,2022,ARI,0.00,0.00,0.22,3.02
Andrew Parchment,Kansas,2022,CAR,0.00,0.00,0.24,3.01
Tyrone Tracy Jr.,Iowa,2022,,0.00,0.00,0.24,3.01
Taysir Mack,Indiana,2022,SF,0.00,0.00,0.21,2.98
Joseph Ngata,Clemson,2022,,0.00,0.00,0.19,2.94
Nikko Remigio,California,2022,,0.00,0.00,0.22,2.90
Kyle Ford,Southern California,2022,,0.00,0.00,0.28,2.89
Kaylon Geiger,Troy,2022,TB,0.00,0.00,0.21,2.79
Jake Smith,Texas,2022,,0.00,0.00,0.28,2.70
Trevon Bradford,Oregon State,2022,LAC,0.00,0.00,0.24,2.67
Savon Scarver,Utah State,2022,CHI,0.00,0.00,0.24,2.66
Mike Harley,Miami (FL),2022,CHI,0.00,0.00,0.23,2.60
Keke Chism,Missouri,2022,GB,0.00,0.00,0.19,2.57
Jadon Haselwood,Oklahoma,2022,,0.00,0.00,0.21,2.57
Justin Shorter,Florida,2022,,0.00,0.00,0.21,2.55
Frank Ladson Jr.,Clemson,2022,,0.00,0.00,0.21,2.52
Samson Nacua,Utah,2022,IND,0.00,0.00,0.21,2.38
Ja'Marr Chase,Louisiana State,2021,CIN,18.86,1.65,7.08,16.81
Rashod Bateman,Minnesota,2021,BAL,8.72,1.84,9.83,16.57
Devonta Smith,Alabama,2021,PHI,12.95,1.86,7.77,15.37
Elijah Moore,Mississippi,2021,NYJ,8.62,1.85,7.70,15.34
Rondale Moore,Purdue,2021,ARI,8.95,1.88,6.98,15.34
Dee Eskridge,Western Michigan,2021,SEA,2.10,1.54,6.04,13.98
Jaylen Waddle,Alabama,2021,MIA,15.46,1.90,5.72,13.92
Kadarius Toney,Florida,2021,NYG,7.35,1.87,6.35,13.87
Terrace Marshall Jr.,Louisiana State,2021,CAR,4.29,1.51,6.23,13.59
Dyami Brown,North Carolina,2021,WAS,2.03,0.77,5.78,12.34
Tutu Atwell,Louisville,2021,LAR,3.01,1.38,8.32,12.27
Anthony Schwartz,Auburn,2021,CLE,2.09,0.78,5.19,11.90
Jaelon Darden,North Texas,2021,TB,1.27,-0.02,2.30,11.20
Tylan Wallace,Oklahoma State,2021,BAL,0.25,0.05,3.30,11.12
Sage Surratt,Wake Forest,2021,DET,0.00,0.00,2.34,11.02
Nico Collins,Michigan,2021,HOU,7.53,0.78,5.55,10.94
Amari Rodgers,Clemson,2021,GB,1.52,0.59,4.71,10.34
Dez Fitzpatrick,Louisville,2021,TEN,3.98,0.04,3.61,9.94
Josh Palmer,Tennessee,2021,LAC,7.95,1.04,4.70,9.70
Jacob Harris,Central Florida,2021,LAR,0.00,-0.21,2.06,9.68
Cade Johnson,S. Dakota ST,2021,,0.00,0.00,2.44,9.62
Warren Jackson,Colorado State,2021,DEN,0.00,0.00,2.53,9.62
Amon-Ra St. Brown,Southern California,2021,DET,15.00,0.03,4.33,9.49
Dax Milne,Brigham Young,2021,WAS,1.11,0.01,2.10,9.35
Simi Fehoko,Stanford,2021,DAL,0.00,0.01,2.28,9.17
Isaiah McKoy,Kent State,2021,PIT,0.00,0.00,3.03,9.16
Tamorrion Terry,Florida State,2021,SEA,0.00,-0.01,2.36,9.07
Ihmir Smith-Marsette,Iowa,2021,MIN,3.58,-0.01,2.38,8.93
Marquez Stevenson,Houston,2021,Hou,0.00,-0.01,2.86,8.90
Donnie Corley,Texas Southern,2021,,0.00,0.00,2.56,7.67
Jalen Camp,Georgia Tech,2021,JAX,0.00,0.02,2.30,7.40
Seth Williams,Auburn,2021,DEN,2.20,-0.01,2.89,7.38
Tarik Black,Texas,2021,IND,0.00,0.00,2.66,7.03
Whop Philyor,Indiana,2021,MIN,0.00,0.00,1.97,7.00
Jonathan Adams Jr.,Arkansas State,2021,DET,0.00,0.00,2.41,6.53
Shi Smith,South Carolina,2021,CAR,3.38,0.00,2.00,6.36
Jhamon Ausbon,Texas A&M,2021,PHI,0.00,0.00,2.80,6.35
Keylon Stokes,Tulsa,2021,,0.00,0.00,0.35,5.94
Blake Proehl,East Carolina,2021,MIN,0.00,-0.00,1.92,5.69
Damon Hazelton Jr,Missouri,2021,,0.00,0.00,2.62,5.49
Dazz Newsome,North Carolina,2021,CHI,1.43,-0.00,2.38,5.49
Jeremiah Haydel,Texas State,2021,LAR,0.00,0.00,0.84,5.48
Tyler Vaughns,Southern California,2021,IND,0.00,0.00,2.04,5.47
JD Spielman,Texas Christian,2021,,0.00,0.00,0.32,4.88
Trevon Grimes,Florida,2021,PHI,0.00,0.00,2.06,4.84
T.J. Vasher,Texas Tech,2021,DAL,0.00,0.00,2.22,4.79
Cameron Dollar,UNC Charlotte,2021,,0.00,0.00,0.32,4.57
Jeremiah Holloman,Georgia,2021,,0.00,0.00,0.25,4.06
Landen Akers,Iowa State,2021,LAR,0.00,0.00,0.24,3.67
McLane Mannix,Texas Tech,2021,,0.00,0.00,0.22,3.23
Theo Howard,Oklahoma,2021,,0.00,0.00,0.22,3.05
Kekoa Crawford,California,2021,,0.00,0.00,0.20,2.99
DeVontres Dukes,South Florida,2021,DEN,0.00,0.00,0.27,2.92
Malik Williams,Appalachian State,2021,BUF,0.00,0.00,0.24,2.45
Justin Jefferson,Louisiana State,2020,MIN,19.47,1.87,10.23,19.21
CeeDee Lamb,Oklahoma,2020,DAL,15.23,1.84,9.31,17.07
KJ Hamler,Penn State,2020,DEN,5.58,1.86,7.40,16.50
Henry Ruggs III,Alabama,2020,LVR,8.43,1.87,6.52,15.39
Jerry Jeudy,Alabama,2020,DEN,10.90,1.89,8.96,15.20
Denzel Mims,Baylor,2020,NYJ,3.85,1.50,4.72,14.62
Brandon Aiyuk,Arizona State,2020,SFO,12.67,1.84,7.82,14.33
Laviska Shenault Jr.,Colorado,2020,JAX,8.30,1.72,6.63,14.27
Tee Higgins,Clemson,2020,CIN,13.80,1.67,6.68,14.14
Chase Claypool,Notre Dame,2020,PIT,10.58,1.92,6.76,13.63
Michael Pittman Jr.,Southern California,2020,IND,12.04,1.87,7.13,13.54
Jalen Reagor,Texas Christian,2020,PHI,4.14,1.85,5.58,13.27
Antonio Gandy-Golden,Liberty,2020,WAS,0.00,0.04,2.87,11.86
Van Jefferson,Florida,2020,LAR,6.68,1.51,5.96,11.35
Tyler Johnson,Minnesota,2020,TAM,3.64,0.03,3.09,11.04
Gabe Davis,Central Florida,2020,BUF,9.29,0.01,3.22,10.88
Isaiah Coulter,Rhode Island,2020,,0.00,-0.01,2.53,10.77
Devin Duvernay,Texas,2020,BAL,5.23,0.80,4.77,10.44
Darnell Mooney,Tulane,2020,CHI,10.52,0.06,3.91,10.43
Bryan Edwards,South Carolina,2020,LVR,5.19,0.92,5.80,10.15
Quez Watkins,Southern Mississippi,2020,PHI,5.60,0.01,2.90,10.14
Isaiah Hodgins,Oregon State,2020,BUF,10.02,0.04,3.18,10.07
Omar Bayless,Arkansas State,2020,,0.00,0.00,1.86,9.68
John Hightower,Boise State,2020,PHI,2.22,-0.07,2.05,9.00
Quintez Cephus,Wisconsin,2020,DET,6.46,-0.01,3.40,8.82
K.J. Osborn,Miami (FL),2020,MIN,9.24,-0.10,2.29,8.79
Collin Johnson,Texas,2020,JAX,3.10,-0.04,2.44,8.63
Trishton Jackson,Syracuse,2020,,0.00,-0.01,2.20,8.37
Earnest Edwards,Maine,2020,,0.00,-0.00,2.46,8.32
Joe Reed,Virginia,2020,LAC,0.81,-0.06,2.27,8.30
Jauan Jennings,Tennessee,2020,SFO,5.15,0.01,2.36,8.23
Aaron Parker,Rhode Island,2020,,0.00,0.00,2.73,7.89
Donovan Peoples-Jones,Michigan,2020,CLE,7.69,0.00,2.65,7.66
James Proche,Southern Methodist,2020,BAL,1.67,0.04,2.49,7.52
Nick Westbrook,Indiana,2020,,0.00,0.00,2.21,6.81
Tyrie Cleveland,Florida,2020,DEN,1.23,-0.00,2.16,6.42
Darrell Stewart Jr.,Michigan State,2020,,0.00,0.00,1.86,6.31
Lawrence Cager,Georgia,2020,,0.00,0.00,2.19,6.26
Binjimen Victor,Ohio State,2020,,0.00,0.00,2.10,6.12
Cody White,Michigan State,2020,,0.55,0.00,2.24,6.06
Dezmon Patmon,Washington State,2020,IND,1.26,-0.04,2.02,5.86
Marquez Callaway,Tennessee,2020,,5.52,0.00,2.38,5.55
Kalija Lipscomb,Vanderbilt,2020,,0.00,0.00,2.30,5.51
Stephen Guidry,Mississippi State,2020,,0.00,0.00,1.90,5.51
Freddie Swain,Florida,2020,SEA,3.86,-0.03,1.97,5.49
K.J. Hill,Ohio State,2020,LAC,0.87,-0.01,2.09,5.21
George Campbell,West Virginia,2020,,0.00,0.00,0.25,5.16
Kendall Hinton,Wake Forest,2020,,3.39,0.00,0.20,5.12
Austin Mack,Ohio State,2020,,1.46,0.00,2.01,5.07
Kendrick Rogers,Texas A&M,2020,,0.00,0.01,1.98,5.02
Chris Finke,Notre Dame,2020,,0.00,0.00,1.92,4.97
Tony Brown,Colorado,2020,,0.00,0.00,2.30,4.94
Isaiah Wright,Temple,2020,,3.31,0.00,2.00,4.66
Ja'Marcus Bradley,Louisiana,2020,,2.67,0.00,0.26,4.37
Johnathon Johnson,Missouri,2020,,0.00,0.00,0.20,3.83
Quartney Davis,Texas A&M,2020,,0.00,0.00,2.04,3.80
Scotty Washington,Wake Forest,2020,,0.00,0.00,0.20,3.76
JoJo Ward,Hawaii,2020,,0.00,0.00,0.22,3.72
Seth Dawkins,Louisville,2020,,0.00,0.00,0.21,3.63
Dalton Schoen,Kansas State,2020,,0.00,0.00,0.25,3.27
Maurice Ffrench,Pittsburgh,2020,,0.00,0.00,0.22,3.18
Aaron Fuller,Washington,2020,,0.00,0.00,0.21,2.93
Will Hastings,Auburn,2020,,0.00,0.00,0.22,2.81
Juwan Johnson,Oregon,2020,,0.00,0.00,0.20,2.80
Derrick Dillon,Louisiana State,2020,,0.00,0.00,0.22,2.59
Jalen McCleskey,Tulane,2020,,0.00,0.00,0.22,2.55
Josh Hammond,Florida,2020,,0.00,0.00,0.22,2.51
Kirk Merritt,Arkansas State,2020,,0.00,0.00,0.23,2.50
Diondre Overton,Clemson,2020,,0.00,0.00,0.20,2.43
Isaiah Zuber,Mississippi State,2020,,1.75,0.00,0.24,2.32
Andre Baccellia,Washington,2020,,0.00,0.00,0.22,2.20
Marquise Brown,Oklahoma,2019,BAL,12.08,1.88,9.45,16.49
Deebo Samuel,South Carolina,2019,SFO,16.02,1.92,9.06,16.09
Andy Isabella,Massachusetts,2019,ARI,3.22,1.53,5.50,15.41
N'Keal Harry,Arizona State,2019,NWE,4.29,1.70,8.04,15.18
A.J. Brown,Mississippi,2019,TEN,14.87,1.91,7.45,14.83
D.K. Metcalf,Mississippi,2019,SEA,14.34,1.53,6.61,14.68
Parris Campbell,Ohio State,2019,IND,5.67,1.53,5.73,14.32
JJ Arcega-Whiteside,Stanford,2019,PHI,1.48,1.36,5.39,13.92
Terry McLaurin,Ohio State,2019,WAS,13.68,1.23,5.67,13.74
Diontae Johnson,Toledo,2019,PIT,13.90,1.28,6.93,13.39
Mecole Hardman,Georgia,2019,KAN,7.68,1.51,6.51,13.39
Hakeem Butler,Iowa State,2019,ARI,0.00,-0.05,3.30,12.96
Jalen Hurd,Baylor,2019,SFO,0.00,0.88,3.76,12.16
Emanuel Hall,Missouri,2019,,0.00,-0.01,2.39,11.27
Miles Boykin,Notre Dame,2019,BAL,3.76,0.80,4.41,10.94
Ashton Dulin,Malone,2019,,1.36,-0.01,2.42,10.84
KeeSean Johnson,Fresno State,2019,ARI,4.35,-0.01,3.09,10.56
Hunter Renfrow,Clemson,2019,OAK,11.40,-0.05,2.49,10.18
Trey Brock,Hillsdale,2019,,0.00,0.00,1.51,9.83
Gary Jennings,West Virginia,2019,SEA,0.00,0.01,2.08,9.55
Darrius Shepherd,N. Dakota ST,2019,,0.95,0.00,2.42,9.52
Darius Slayton,Auburn,2019,NYG,8.83,-0.21,2.78,9.37
Felton Davis III,Michigan State,2019,,0.00,-0.01,2.05,8.95
Travis Fulgham,Old Dominion,2019,DET,8.92,-0.02,2.14,8.93
Keelan Doss,UC-Davis,2019,,4.05,0.00,2.53,8.85
Scott Miller,Bowling Green State,2019,TAM,0.00,-0.04,2.65,8.83
Dillon Mitchell,Oregon,2019,MIN,0.00,0.00,2.33,8.82
Anthony Johnson,Buffalo,2019,,0.00,0.00,2.89,8.80
Greg Dortch,Wake Forest,2019,,1.38,0.00,2.81,8.64
Kelvin Harmon,North Carolina State,2019,WAS,4.18,0.03,2.54,8.55
Jakobi Meyers,North Carolina State,2019,,8.49,0.00,2.43,8.53
Riley Ridley,Georgia,2019,CHI,2.08,-0.04,2.35,8.48
Preston Williams,Colorado State,2019,,7.48,0.00,2.74,7.77
Olamide Zaccheaus,Virginia,2019,,4.31,0.00,2.33,7.41
Antoine Wesley,Texas Tech,2019,,3.85,0.00,2.74,7.37
Juwann Winfree,Colorado,2019,DEN,1.69,-0.02,2.28,7.17
Damion Willis,Troy,2019,,1.72,0.00,2.11,6.91
Jaylen Smith,Louisville,2019,,0.00,-0.00,1.96,6.90
Olabisi Johnson,Colorado State,2019,MIN,0.00,-0.10,2.34,6.82
DaMarkus Lodge,Mississippi,2019,,0.00,0.00,2.35,6.77
Terry Godwin,Georgia,2019,CAR,3.25,0.01,2.22,6.76
David Sills,West Virginia,2019,,0.93,0.00,2.06,6.76
Lil'Jordan Humphrey,Texas,2019,,4.88,0.00,2.26,6.09
Jalen Guyton,North Texas,2019,,6.07,-0.00,1.88,6.09
Tyre Brady,Marshall,2019,,0.00,0.00,1.34,5.87
Marcus Green,Louisiana-Monroe,2019,ATL,0.00,-0.02,0.31,5.69
Jovon Durante,Florida Atlantic,2019,,0.00,0.00,2.07,5.56
John Ursua,Hawaii,2019,SEA,0.70,0.04,0.27,5.48
Cody Thompson,Toledo,2019,,0.00,0.00,0.26,5.46
Penny Hart,Georgia State,2019,,0.54,0.00,2.71,5.37
Nyqwan Murray,Florida State,2019,,0.00,0.00,2.34,5.07
Trenton Irwin,Stanford,2019,,0.77,0.00,0.20,2.86
Calvin Ridley,Alabama,2018,ATL,15.57,1.89,9.94,16.64
D.J. Chark,Louisiana State,2018,JAX,10.48,1.25,6.95,15.47
D.J. Moore,Maryland,2018,CAR,13.02,1.85,8.40,15.35
Anthony Miller,Memphis,2018,CHI,7.58,1.70,7.27,14.72
Christian Kirk,Texas A&M,2018,ARI,11.23,1.86,8.64,14.29
Courtland Sutton,Southern Methodist,2018,DEN,11.16,1.73,8.57,13.93
Michael Gallup,Colorado State,2018,DAL,10.52,1.13,8.78,12.66
Justin Watson,Pennsylvania,2018,,1.56,0.09,2.55,12.25
Tre'Quan Smith,Central Florida,2018,NOR,6.88,0.81,6.15,12.19
James Washington,Oklahoma State,2018,PIT,6.14,1.13,6.79,12.16
Ricky Jeune,Georgia Tech,2018,,0.00,0.00,2.27,11.62
Jordan Lasley,UCLA,2018,BAL,0.00,-0.01,2.97,11.54
Dante Pettis,Washington,2018,SFO,5.12,1.68,6.14,11.17
J'Mon Moore,Missouri,2018,GNB,0.12,-0.02,2.41,10.73
Richie James,Middle Tennessee State,2018,SFO,2.99,0.00,3.05,9.87
Antonio Callaway,Florida,2018,CLE,6.13,0.15,4.09,9.76
Keke Coutee,Texas Tech,2018,HOU,8.80,0.23,4.05,9.54
Daurice Fountain,N. Iowa,2018,,0.86,-0.03,2.93,9.36
Marquez Valdes-Scantling,South Florida,2018,GNB,6.92,0.01,2.51,8.57
Darren Carrington,Utah,2018,,0.00,0.00,0.82,8.50
Jester Weah,Pittsburgh,2018,,0.00,-0.02,2.22,8.46
Equanimeous St. Brown,Notre Dame,2018,GNB,3.80,0.01,2.70,8.37
Jaleel Scott,New Mexico State,2018,BAL,0.53,-0.02,2.28,8.25
DaeSean Hamilton,Penn State,2018,DEN,4.18,0.02,3.38,8.25
Deontay Burnett,Southern California,2018,,4.50,0.00,1.55,8.24
Damion Ratley,Texas A&M,2018,CLE,2.44,-0.21,1.92,8.12
Steve Ishmael,Syracuse,2018,,0.00,0.00,2.15,8.01
Allen Lazard,Iowa State,2018,,8.80,0.00,2.97,7.78
Byron Pringle,Kansas State,2018,,2.41,-0.03,1.78,7.60
Korey Robertson,Southern Mississippi,2018,,0.00,0.00,1.95,7.33
Javon Wims,Georgia,2018,CHI,2.02,-0.02,2.17,7.29
Deon Cain,Clemson,2018,IND,1.65,-0.00,2.06,7.26
Cedric Wilson,Boise State,2018,DAL,0.00,-0.00,0.32,7.02
Simmie Cobbs,Indiana,2018,,0.00,0.00,2.35,6.77
Rico Gafford,Wyoming,2018,,0.00,0.00,0.26,6.70
Cam Phillips,Virginia Tech,2018,,0.95,0.00,0.73,6.57
Russell Gage,Louisiana State,2018,ATL,6.22,-0.09,2.70,6.46
Marcell Ateman,Oklahoma State,2018,OAK,2.83,-0.04,2.04,6.37
Trey Quinn,Southern Methodist,2018,WAS,4.95,0.00,2.23,6.33
Keith Kirkwood,Temple,2018,,5.74,0.00,1.93,5.85
Cam Sims,Alabama,2018,,3.95,0.00,2.58,5.60
Ray-Ray McCloud,Clemson,2018,BUF,1.51,-0.09,0.31,5.59
Auden Tate,Florida State,2018,CIN,5.52,-0.01,2.47,5.55
Trent Sherfield,Vanderbilt,2018,,1.55,0.00,2.19,5.53
Robert Foster,Alabama,2018,,3.90,0.00,2.22,5.48
Steven Mitchell,Southern California,2018,,2.09,0.00,1.92,5.42
Brandon Powell,Florida,2018,,2.57,0.00,2.34,5.34
Malik Turner,Illinois,2018,,2.48,0.00,2.41,5.31
Chad Beebe,Northern Illinois,2018,,3.35,0.00,2.40,5.26
Cameron Batson,Texas Tech,2018,,2.01,0.00,1.95,5.19
Dylan Cantrell,Texas Tech,2018,LAC,0.00,-0.13,0.31,5.10
Braxton Berrios,Miami (FL),2018,NWE,3.52,-0.11,2.22,5.07
Saeed Blacknall,Penn State,2018,,0.00,0.00,0.22,4.88
Steven Dunbar,Houston,2018,,0.00,0.00,0.22,4.35
Derrick Willies,Texas Tech,2018,,1.82,0.00,0.29,3.03
Devin Ross,Colorado,2018,,0.00,0.00,0.20,2.81
Chris Lacy,Oklahoma State,2018,,1.80,0.00,0.24,2.78
Janarion Grant,Rutgers,2018,,0.00,0.00,0.21,2.56
Quadree Henderson,Pittsburgh,2018,,0.00,0.00,0.22,2.54
Austin Proehl,North Carolina,2018,BUF,0.00,-0.02,0.23,2.26
Da'Mari Scott,Fresno State,2018,,0.94,0.00,0.23,2.08
Corey Davis,Western Michigan,2017,TEN,8.77,1.74,10.43,16.79
Cooper Kupp,E. Washington,2017,,14.94,1.10,8.52,16.29
John Ross,Washington,2017,CIN,8.57,1.91,7.21,15.15
JuJu Smith-Schuster,Southern California,2017,PIT,14.33,1.42,10.02,14.62
Mike Williams,Clemson,2017,LAC,8.83,1.71,7.84,14.23
Kenny Golladay,Northern Illinois,2017,DET,13.09,0.78,8.52,14.17
Curtis Samuel,Ohio State,2017,CAR,8.98,1.87,6.85,13.96
Zay Jones,East Carolina,2017,BUF,6.19,1.86,6.49,13.64
Taywan Taylor,Western Kentucky,2017,TEN,4.72,1.22,4.94,13.56
Chris Godwin,Penn State,2017,TAM,12.04,0.83,5.60,12.56
Dede Westbrook,Oklahoma,2017,JAX,10.45,0.19,4.50,11.74
Carlos Henderson,Louisiana Tech,2017,DEN,0.00,0.51,3.76,11.42
Amara Darboh,Michigan,2017,SEA,0.94,0.17,3.35,11.01
Tanner Gentry,Wyoming,2017,,1.62,0.00,2.63,10.75
Josh Malone,Tennessee,2017,CIN,1.03,0.04,2.19,10.68
Josh Reynolds,Texas A&M,2017,LAR,3.94,0.04,3.47,10.43
Ardarius Stewart,Alabama,2017,NYJ,1.13,1.17,4.77,10.41
Shelton Gibson,West Virginia,2017,PHI,0.45,-0.26,2.11,10.31
Keelan Cole,Kentucky Wesleyan,2017,,6.26,0.00,2.27,10.29
Chad Hansen,California,2017,NYJ,1.23,0.02,2.34,9.89
Greg Ward Jr.,Houston,2017,,9.98,0.00,2.84,9.61
Rodney Adams,South Florida,2017,MIN,0.00,0.00,2.61,9.59
Jehu Chesson,Michigan,2017,KAN,0.28,0.03,2.13,9.19
Trent Taylor,Louisiana Tech,2017,SFO,5.22,0.02,2.71,9.17
Isaiah Ford,Virginia Tech,2017,MIA,6.06,0.02,2.97,9.04
Ryan Switzer,North Carolina,2017,DAL,2.16,0.03,2.36,8.90
Noel Thomas,Connecticut,2017,,0.00,0.00,0.29,8.67
David Moore,East Central (OK),2017,,5.35,0.00,2.60,8.56
Mack Hollins,North Carolina,2017,PHI,2.10,-0.24,2.50,8.02
Robert Davis,Georgia State,2017,WAS,0.62,0.00,2.57,7.99
Tim Patrick,Utah,2017,,4.08,0.00,2.22,7.58
Isaiah McKenzie,Georgia,2017,DEN,3.61,0.03,2.09,7.41
Zach Pascal,Old Dominion,2017,,6.32,0.00,2.77,7.09
Kendrick Bourne,E. Washington,2017,,5.91,0.00,2.64,7.09
Travis Rudolph,Florida State,2017,,2.59,0.00,3.07,6.91
Austin Carr,Northwestern,2017,,1.63,0.00,2.16,6.73
Amba Etta-Tawo,Syracuse,2017,,0.00,0.00,0.19,6.51
Keevan Lucas,Tulsa,2017,,0.00,0.00,0.32,6.03
Chris Thompson,Florida,2017,,1.03,0.00,0.29,5.85
Malachi Dupre,Louisiana State,2017,GNB,0.00,-0.00,0.32,5.58
Jamari Staples,Louisville,2017,,0.00,0.00,0.20,5.56
Ishmael Adams,UCLA,2017,,0.00,0.00,0.22,5.42
Stacy Coley,Miami (FL),2017,MIN,0.00,-0.05,2.19,5.22
Jerome Lane,Akron,2017,,0.00,0.00,0.34,5.08
Travin Dural,Louisiana State,2017,,0.00,0.00,0.23,5.06
Keon Hatcher,Arkansas,2017,,0.60,0.00,0.23,4.98
Artavis Scott,Clemson,2017,,0.00,0.00,0.23,4.98
Deangelo Yancey,Purdue,2017,GNB,0.00,-0.09,0.36,4.82
Fred Ross,Mississippi State,2017,,0.00,0.00,0.23,4.73
Kevonn Mabon,Ball State,2017,,0.00,0.00,0.20,4.68
Noah Brown,Ohio State,2017,DAL,0.84,-0.03,2.61,4.59
Marcus Kemp,Hawaii,2017,,0.11,0.00,0.23,4.56
Victor Bolden,Oregon State,2017,,0.33,0.00,2.19,4.00
Carlton Agudosi,Rutgers,2017,,0.00,0.00,0.29,3.99
Ricky Seals-Jones,Texas A&M,2017,,0.00,0.00,0.22,3.84
James Quick,Louisville,2017,,0.00,0.00,0.22,3.81
Ishmael Zamora,Baylor,2017,,0.00,0.00,0.21,3.77
Joshua Atkinson,Tulsa,2017,,0.00,0.00,0.22,3.67
Geno Lewis,Oklahoma,2017,,0.00,0.00,0.23,3.65
R.J. Shelton,Michigan State,2017,,0.00,0.00,0.20,3.64
Domonique Young,Purdue,2017,,0.00,0.00,0.34,3.57
Andre Patton,Rutgers,2017,,0.97,0.00,0.22,3.49
Ricky Jones,Indiana,2017,,0.00,0.00,0.22,3.49
Dominique Reed,Arkansas,2017,,0.00,0.00,0.22,3.47
Kermit Whitfield,Florida State,2017,,0.00,0.00,0.22,3.39
Sebastian Smith,Ohio,2017,,0.00,0.00,0.26,3.36
Brandon Reilly,Nebraska,2017,,0.00,0.00,0.26,3.29
Bug Howard,North Carolina,2017,,0.00,0.00,0.21,3.27
Jesse Kroll,Central Michigan,2017,,0.00,0.00,0.20,3.18
Justin Hardee,Illinois,2017,,0.00,0.00,0.23,3.02
Trey Griffey,Arizona,2017,,0.00,0.00,0.20,3.02
Quincy Adeboyejo,Mississippi,2017,,0.00,0.00,0.22,3.01
Deante' Gray,Texas Christian,2017,,0.00,0.00,0.26,3.00
Jhajuan Seales,Oklahoma State,2017,,0.00,0.00,0.22,2.96
Jordan Westerkamp,Nebraska,2017,,0.00,0.00,0.27,2.94
Tim White,Arizona State,2017,,0.80,0.00,0.22,2.93
Drew Morgan,Arkansas,2017,,0.00,0.00,0.21,2.86
Jesus Wilson,Florida State,2017,,1.66,0.00,0.21,2.84
D.J. Thompson,Southern Mississippi,2017,,0.00,0.00,0.26,2.83
Darreus Rogers,Southern California,2017,,0.00,0.00,0.20,2.82
Alonzo Moore,Nebraska,2017,,0.00,0.00,0.26,2.82
River Cracraft,Washington State,2017,,0.42,0.00,0.21,2.79
Dontez Ford,Pittsburgh,2017,,0.00,0.00,0.22,2.79
Reggie Davis,Georgia,2017,,0.00,0.00,0.21,2.69
Lynx Hawthorne,Baylor,2017,,0.00,0.00,0.23,2.67
Anthony Nash,Duke,2017,,0.00,0.00,0.26,2.66
Deante Burton,Kansas State,2017,,0.00,0.00,0.26,2.60
Jake Maulhardt,Wyoming,2017,,0.00,0.00,0.26,2.47
Gehrig Dieter,Alabama,2017,,0.80,0.00,0.22,2.45
Francis Owusu,Stanford,2017,,0.00,0.00,0.22,2.36
Tyreek Hill,Oklahoma State,2016,,16.30,-0.03,3.77,16.30
Corey Coleman,Baylor,2016,CLE,6.35,1.88,7.06,16.03
Tyler Boyd,Pittsburgh,2016,CIN,10.04,1.73,9.87,15.85
William Fuller,Notre Dame,2016,HOU,11.02,1.88,8.76,15.18
Michael Thomas,Ohio State,2016,NOR,17.65,1.69,8.65,15.02
Josh Doctson,Texas Christian,2016,WAS,7.20,1.80,7.03,14.49
Sterling Shepard,Oklahoma,2016,NYG,11.89,1.86,7.41,13.71
Leonte Carroo,Rutgers,2016,MIA,1.21,0.75,4.68,12.54
Laquon Treadwell,Mississippi,2016,MIN,2.84,1.66,6.77,12.36
Rashard Higgins,Colorado State,2016,CLE,4.56,0.07,3.41,11.39
Pharoh Cooper,South Carolina,2016,LAR,1.50,0.01,3.65,10.82
Daniel Braverman,Western Michigan,2016,CHI,0.00,0.00,2.36,10.60
Demarcus Robinson,Florida,2016,KAN,3.66,0.03,3.27,10.49
Malcolm Mitchell,Georgia,2016,NWE,6.86,0.18,3.27,10.36
Trevor Davis,California,2016,GNB,0.84,-0.03,2.10,9.37
Keyarris Garrett,Tulsa,2016,,0.00,0.00,0.28,9.35
Tajae Sharpe,Massachusetts,2016,TEN,5.52,0.05,3.27,9.35
Jordan Payton,UCLA,2016,CLE,0.33,-0.00,1.89,9.27
Ricardo Louis,Auburn,2016,CLE,3.16,0.17,3.19,8.74
Aaron Burbridge,Michigan State,2016,SFO,0.86,0.02,1.91,8.33
Devin Fuller,UCLA,2016,ATL,0.00,-0.08,2.13,8.14
Kolby Listenbee,Texas Christian,2016,BUF,0.00,-0.11,2.17,8.12
Braxton Miller,Ohio State,2016,HOU,3.44,0.74,3.42,8.12
Demarcus Ayers,Houston,2016,PIT,8.05,-0.01,2.41,8.11
Chris Moore,Cincinnati,2016,BAL,2.72,-0.02,3.31,7.86
Mike Thomas,Southern Mississippi,2016,LAR,0.79,-0.01,2.11,7.54
Roger Lewis,Bowling Green State,2016,,4.22,0.00,2.51,7.44
Jakeem Grant,Texas Tech,2016,MIA,4.03,-0.09,2.04,7.40
Johnny Holton,Cincinnati,2016,,1.69,0.00,0.42,7.26
Robby Anderson,Temple,2016,,0.00,-0.01,1.97,7.14
Chester Rogers,Grambling ST,2016,,5.40,0.00,2.83,6.72
Marvin Hall,Washington,2016,,1.87,-0.01,1.76,6.62
Hunter Sharp,Utah State,2016,,5.47,0.00,2.90,6.60
Alex Erickson,Wisconsin,2016,,1.78,0.00,2.24,6.52
Tanner McEvoy,Wisconsin,2016,,1.69,0.00,2.36,6.38
Jalin Marshall,Ohio State,2016,,3.82,0.00,2.38,6.20
Cody Core,Mississippi,2016,CIN,3.36,-0.04,1.81,6.00
Nelson Spruce,Colorado,2016,,0.00,0.00,0.24,5.49
Bryce Treggs,California,2016,,1.55,-0.00,1.96,5.40
Paul Turner,Louisiana Tech,2016,,5.40,0.00,2.30,5.37
Geronimo Allison,Illinois,2016,,5.09,0.00,2.39,5.32
Devin Lucien,Arizona State,2016,NWE,0.00,-0.02,1.87,5.27
Jaydon Mickens,Washington,2016,,2.17,0.00,2.28,5.18
Charone Peake,Clemson,2016,NYJ,1.59,-0.03,1.91,5.08
Maurice Harris,California,2016,,3.22,0.00,2.28,4.84
Kenny Lawler,California,2016,SEA,0.00,-0.03,2.37,4.81
Devon Cajuste,Stanford,2016,,0.00,0.00,0.21,4.68
Jordan Williams,Ball State,2016,,0.00,0.00,0.25,4.46
Tommylee Lewis,Northern Illinois,2016,,1.67,0.00,2.19,4.33
Cayleb Jones,Arizona,2016,,0.00,0.00,0.22,4.10
Byron Marshall,Oregon,2016,,0.00,0.00,0.22,3.92
De'Runnya Wilson,Mississippi State,2016,,0.00,0.00,0.27,3.76
Bralon Addison,Oregon,2016,,0.00,0.00,0.27,3.75
Alonzo Russell,Toledo,2016,,0.00,0.00,0.23,3.52
Tevaun Smith,Iowa,2016,,0.00,0.00,0.24,3.51
Jay Lee,Baylor,2016,,0.00,0.00,0.22,3.42
K.J. Brent,Wake Forest,2016,,0.00,0.00,0.27,3.22
J.D. McKissic,Arkansas State,2016,,0.00,0.00,0.27,3.19
Dom Williams,Washington State,2016,,0.00,0.00,0.22,3.12
Chris Brown,Notre Dame,2016,,0.00,0.00,0.21,3.03
Mekale McKay,Cincinnati,2016,,0.00,0.00,0.22,2.97
Canaan Severin,Virginia,2016,,0.00,0.00,0.24,2.92
Jamal Turner,Nebraska,2016,,0.00,0.00,0.26,2.87
Rashawn Scott,Miami (FL),2016,,0.00,0.00,0.23,2.78
Quenton Bundrage,Iowa State,2016,,0.00,0.00,0.24,2.77
D.J. Foster,Arizona State,2016,,0.00,0.00,0.21,2.64
Quinshad Davis,North Carolina,2016,,0.00,0.00,0.23,2.50
Deanthony Arnett,Michigan State,2016,,0.00,0.00,0.29,2.18
Amari Cooper,Alabama,2015,OAK,13.09,1.91,11.05,18.24
Jaelen Strong,Arizona State,2015,HOU,4.40,1.32,8.31,15.72
Kevin White,West Virginia,2015,CHI,8.24,1.93,7.39,15.13
Devante Parker,Louisville,2015,MIA,8.89,1.91,7.06,15.06
Tyler Lockett,Kansas State,2015,SEA,8.42,1.28,7.41,14.92
Phillip Dorsett,Miami (FL),2015,IND,4.32,1.87,5.89,14.59
Breshad Perriman,Central Florida,2015,BAL,4.40,1.83,5.68,14.42
Devin Smith,Ohio State,2015,NYJ,1.96,1.64,6.05,14.24
Nelson Agholor,Southern California,2015,PHI,7.65,1.92,7.27,13.99
Stefon Diggs,Maryland,2015,MIN,13.52,0.10,4.46,13.53
Chris Conley,Georgia,2015,KAN,4.55,1.26,5.24,13.39
Sammie Coates,Auburn,2015,PIT,2.82,0.59,4.34,13.02
Dorial Green-Beckham,Missouri,2015,TEN,6.45,1.84,6.70,11.76
Deandre Smelter,Georgia Tech,2015,,1.65,0.00,2.30,11.11
Tony Lippett,Michigan State,2015,MIA,0.00,-0.00,1.94,11.09
Jamison Crowder,Duke,2015,WAS,10.33,0.03,4.02,10.34
Ty Montgomery,Stanford,2015,GNB,9.45,0.63,4.73,10.07
Titus Davis,Central Michigan,2015,,0.00,0.00,0.26,9.87
Kenny Bell,Nebraska,2015,TAM,0.00,-0.02,2.32,9.79
Rashad Greene,Florida State,2015,JAX,2.74,0.03,3.38,9.75
Tyrell Williams,W. Oregon,2015,,9.53,-0.00,2.52,9.53
Tre McBride,William & Mary,2015,,2.13,0.02,2.54,9.09
Justin Hardy,East Carolina,2015,ATL,4.04,0.06,3.84,9.07
Vince Mayle,Washington State,2015,CLE,0.39,0.05,2.23,9.03
Jordan Taylor,Rice,2015,,2.85,0.00,2.59,8.82
Adam Humphries,Clemson,2015,,7.29,0.00,2.72,8.04
Andrew Turzilli,Rutgers,2015,,1.50,0.00,2.29,7.62
Quan Bray,Auburn,2015,,0.95,0.00,2.60,7.30
Evan Spencer,Ohio State,2015,WAS,0.00,-0.11,2.27,7.24
Da'Ron Brown,Northern Illinois,2015,,0.00,0.00,2.07,7.15
Kaelin Clay,Utah,2015,TAM,1.17,0.01,2.52,6.90
Dezmin Lewis,C. Arkansas,2015,,0.00,-0.09,2.56,6.74
Geremy Davis,Connecticut,2015,NYG,0.41,0.04,2.16,6.60
Lucky Whitehead,Florida Atlantic,2015,,1.01,0.00,1.80,6.27
Keith Mumphery,Michigan State,2015,HOU,1.62,-0.04,2.01,6.19
Mario Alford,West Virginia,2015,CIN,2.50,-0.10,1.79,6.01
Tyler Murphy,Boston College,2015,,1.30,0.00,0.22,5.85
Dres Anderson,Utah,2015,,0.00,0.00,0.22,5.84
Darius Jennings,Virginia,2015,,6.42,0.00,2.01,5.71
Chandler Worthy,Troy,2015,,1.47,0.01,1.81,5.55
Deandrew White,Alabama,2015,,1.20,0.00,1.78,5.28
Ezell Ruffin,San Diego State,2015,,0.00,0.00,0.23,5.02
Kasen Williams,Washington,2015,,2.19,0.00,2.44,4.96
Bradley Marquez,Texas Tech,2015,,1.09,0.00,2.26,4.95
Antwan Goodley,Baylor,2015,,0.00,0.00,0.26,3.67
Rannell Hall,Central Florida,2015,,0.00,0.00,0.21,3.43
Levi Norwood,Baylor,2015,,0.00,0.00,0.23,3.38
Cam Worthy,East Carolina,2015,,0.00,0.00,0.20,3.32
Devin Gardner,Michigan,2015,,0.00,0.00,0.23,3.23
Malcome Kennedy,Texas A&M,2015,,0.00,0.00,0.24,2.78
Odell Beckham Jr.,Louisiana State,2014,NYG,21.18,1.86,11.33,20.20
Sammy Watkins,Clemson,2014,BUF,13.51,1.89,11.36,17.41
Brandin Cooks,Oregon State,2014,NOR,15.22,1.91,11.11,17.25
Mike Evans,Texas A&M,2014,TAM,16.52,1.70,11.27,16.90
Allen Robinson,Penn State,2014,JAX,14.76,1.36,10.11,16.40
Marqise Lee,Southern California,2014,JAX,7.75,1.95,8.63,15.24
Jordan Matthews,Vanderbilt,2014,PHI,13.14,1.90,8.71,14.97
Jarvis Landry,Louisiana State,2014,MIA,14.21,1.33,7.03,14.68
Paul Richardson,Colorado,2014,SEA,3.98,1.89,5.89,14.65
Davante Adams,Fresno State,2014,GNB,10.08,1.72,9.15,13.97
Kelvin Benjamin,Florida State,2014,CAR,13.22,1.66,7.83,13.60
Cody Latimer,Indiana,2014,DEN,1.11,1.46,4.90,12.88
Martavis Bryant,Clemson,2014,PIT,14.30,-0.17,3.40,12.20
Donte Moncrief,Mississippi,2014,IND,9.07,0.78,6.05,11.58
Jeff Janis,Saginaw Valley ST,2014,,1.42,0.04,2.04,11.55
Devin Street,Pittsburgh,2014,DAL,0.81,-0.01,2.24,11.39
Willie Snead,Ball State,2014,,12.50,0.00,2.99,11.21
Allen Hurns,Miami (FL),2014,,11.44,0.00,2.34,11.12
Josh Huff,Oregon,2014,PHI,3.45,0.81,4.70,10.89
Bruce Ellington,South Carolina,2014,SFO,2.31,0.14,3.16,9.90
Tevin Reese,Baylor,2014,SDG,0.00,-0.05,1.92,9.85
Michael Campanaro,Wake Forest,2014,BAL,4.24,-0.01,1.78,9.62
Taylor Gabriel,Abilene Christian,2014,,7.10,-0.00,2.25,9.48
Jared Abbrederis,Wisconsin,2014,GNB,1.46,-0.03,2.59,9.38
T.J. Jones,Notre Dame,2014,DET,3.17,0.03,1.92,9.34
Jalen Saunders,Oklahoma,2014,NYJ,0.00,0.02,3.49,9.10
Ryan Grant,Tulane,2014,WAS,1.92,0.03,2.04,8.94
Kevin Norwood,Alabama,2014,SEA,2.13,0.04,2.02,8.74
Matt Hazel,Coastal Carolina,2014,,0.00,-0.02,2.86,8.58
Albert Wilson,Georgia State,2014,,5.20,0.00,1.22,8.26
Shaquelle Evans,UCLA,2014,NYJ,0.00,0.01,3.21,8.13
Quincy Enunwa,Nebraska,2014,NYJ,7.98,0.00,1.94,7.98
Walt Powell,Murray ST,2014,,0.00,-0.02,2.67,7.58
Robert Herron,Wyoming,2014,TAM,2.23,0.02,1.97,7.46
Jeremy Gallon,Michigan,2014,NWE,0.00,-0.00,1.82,7.42
Austin Franklin,New Mexico State,2014,,0.00,0.00,0.34,6.98
Dri Archer,Kent State,2014,PIT,0.00,0.07,1.84,6.95
Corey Brown,Ohio State,2014,,5.29,0.00,2.19,6.15
Bennie Fowler,Michigan State,2014,,2.54,0.01,1.98,5.88
Solomon Patton,Florida,2014,,0.27,0.01,1.75,5.39
James Wright,Louisiana State,2014,CIN,1.67,-0.09,2.44,5.38
Javontee Herndon,Arkansas,2014,,5.35,0.00,2.15,5.30
Trey Burton,Florida,2014,,0.00,0.00,0.21,5.23
Brandon Coleman,Rutgers,2014,,4.98,0.00,2.51,4.99
Chris Boyd,Vanderbilt,2014,,0.00,0.00,0.24,4.79
Chandler Jones,San Jose State,2014,,0.00,0.00,0.23,4.48
Donte Foster,Ohio,2014,,0.00,0.00,0.26,4.07
Eric Thomas,Troy,2014,,0.00,0.00,0.27,3.86
Kain Colter,Northwestern,2014,,0.00,0.00,0.24,3.85
L'Damian Washington,Missouri,2014,,0.00,0.00,0.22,3.77
Micah Hatfield,Oregon State,2014,,0.00,0.00,0.36,3.57
Damian Copeland,Louisville,2014,,0.00,0.00,0.20,3.42
Colin Lockett,San Diego State,2014,,0.00,0.00,0.23,3.30
Marcus Lucas,Missouri,2014,,0.00,0.00,0.21,3.16
Quron Pratt,Rutgers,2014,,0.00,0.00,0.22,3.15
Mike Davis,Texas,2014,,0.00,0.00,0.28,3.02
Derel Walker,Texas A&M,2014,,0.00,0.00,0.26,2.88
Rashad Lawrence,Northwestern,2014,,0.00,0.00,0.24,2.85
Josh Stewart,Oklahoma State,2014,,0.00,0.00,0.25,2.82
Eric Ward,Texas Tech,2014,,0.00,0.00,0.23,2.79
Travis Labhart,Texas A&M,2014,,0.00,0.00,0.27,2.66
Ryan Lankford,Illinois,2014,,0.00,0.00,0.25,2.44
Isaiah Burse,Fresno State,2014,,0.00,0.00,0.22,2.43
Kadron Boone,Louisiana State,2014,,0.00,0.00,0.30,2.33
Deandre Hopkins,Clemson,2013,HOU,14.67,1.70,10.68,15.89
Tavon Austin,West Virginia,2013,STL,9.25,1.85,6.51,15.70
Keenan Allen,California,2013,SDG,15.04,1.12,9.24,15.06
Robert Woods,Southern California,2013,BUF,9.17,1.91,8.90,14.48
Terrance Williams,Baylor,2013,DAL,9.31,1.24,6.43,14.23
Justin Hunter,Tennessee,2013,TEN,6.50,1.89,6.76,14.10
Cordarrelle Patterson,Tennessee,2013,MIN,5.11,1.87,5.08,13.71
Marquise Goodwin,Texas,2013,BUF,3.04,1.16,3.60,11.52
Aaron Dobson,Marshall,2013,NWE,6.12,1.54,4.96,11.34
Stedman Bailey,West Virginia,2013,STL,4.37,0.80,5.14,11.27
Josh Boyce,Texas Christian,2013,NWE,2.34,0.29,3.73,11.04
Ryan Swope,Texas A&M,2013,ARI,0.00,0.00,2.42,10.93
Markus Wheaton,Oregon State,2013,PIT,6.70,1.19,4.50,10.64
Denard Robinson,Michigan,2013,JAX,0.00,-0.06,0.51,10.64
Tavarres King,Georgia,2013,DEN,1.65,-0.01,2.05,10.45
Cobi Hamilton,Arkansas,2013,CIN,0.00,-0.01,2.26,9.87
Adam Thielen,Minnesota St,2013,,1.97,0.00,2.35,9.73
Marquess Wilson,Washington State,2013,CHI,4.31,0.06,3.14,9.68
Chris Harper,Kansas State,2013,SEA,0.00,-0.00,2.23,9.62
Corey Fuller,Virginia Tech,2013,DET,1.71,0.00,2.23,9.06
Quinton Patton,Louisiana Tech,2013,SFO,3.55,0.05,2.93,8.67
Alan Bonner,Jacksonville ST,2013,,0.00,0.00,2.64,8.48
Kenny Stills,Oklahoma,2013,NOR,8.30,-0.05,3.24,8.28
Ace Sanders,South Carolina,2013,JAX,4.45,0.08,3.31,8.18
Emory Blake,Auburn,2013,,0.00,0.00,0.29,8.10
Marlon Brown,Georgia,2013,,5.79,0.00,2.46,6.64
Rashad Ross,Arizona State,2013,,2.16,0.01,1.84,5.90
Alec Lemon,Syracuse,2013,,0.00,0.00,0.23,5.72
Kenbrell Thompkins,Cincinnati,2013,,5.57,0.00,2.54,5.59
Justin Brown,Oklahoma,2013,PIT,2.42,-0.10,2.25,5.58
Brice Butler,San Diego State,2013,OAK,3.69,-0.10,1.99,5.58
Kevin Dorsey,Maryland,2013,GNB,0.47,-0.02,1.93,5.57
Jaron Brown,Clemson,2013,,2.54,0.00,1.85,5.57
Rodney Smith,Florida State,2013,,0.00,0.00,2.16,5.56
Myles White,Louisiana Tech,2013,,0.00,-0.00,1.92,5.40
Darius Johnson,Southern Methodist,2013,,4.70,0.00,2.81,5.21
Nick Williams,Connecticut,2013,,2.71,0.00,2.37,5.17
Russell Shepard,Louisiana State,2013,,0.51,0.00,1.97,5.14
Mark Harrison,Rutgers,2013,,0.00,0.00,0.25,4.96
Marcus Davis,Virginia Tech,2013,,0.00,0.00,0.20,4.72
Alex Gillett,Eastern Michigan,2013,,0.00,0.00,0.23,4.23
Chad Bumphis,Mississippi State,2013,,0.00,0.00,0.22,4.14
Conner Vernon,Duke,2013,,0.00,0.00,0.29,3.86
Cody Wilson,Central Michigan,2013,,0.00,0.00,0.21,3.71
Reggie Dunn,Utah,2013,,0.00,0.00,0.23,3.18
Justin Veltung,Idaho,2013,,0.00,0.00,0.26,3.14
Will Murphy,Oregon,2013,,0.00,0.00,0.29,3.03
Andy Cruse,Miami (OH),2013,,0.00,0.00,0.24,2.97
Chuck Jacobs,Utah State,2013,,0.00,0.00,0.24,2.96
Dan Buckner,Arizona,2013,,0.00,0.00,0.20,2.82
Skye Dawson,Texas Christian,2013,,0.67,0.00,0.22,2.70
Erik Highsmith,North Carolina,2013,,0.00,0.00,0.22,2.70
Lanear Sampson,Baylor,2013,,0.00,0.00,0.22,2.62
Uzoma Nwachukwu,Texas A&M,2013,,0.00,0.00,0.22,2.60
Zach Rogers,Tennessee,2013,,0.00,0.00,0.21,2.49
Arceto Clark,Mississippi State,2013,,0.00,0.00,0.23,2.45
T.J. Moe,Missouri,2013,,0.00,0.00,0.25,2.41
Josh Lenz,Iowa State,2013,,0.00,0.00,0.22,2.41
Lamaar Thomas,New Mexico,2013,,2.55,0.00,0.23,2.34
Kendall Wright,Baylor,2012,TEN,11.80,1.72,10.65,18.01
Michael Floyd,Notre Dame,2012,ARI,9.91,1.91,9.46,16.72
Stephen Hill,Georgia Tech,2012,NYJ,5.50,1.63,6.27,16.49
Alshon Jeffery,South Carolina,2012,CHI,14.85,1.75,9.54,14.88
A.J. Jenkins,Illinois,2012,SFO,1.59,1.81,5.29,14.26
T.Y. Hilton,Florida International,2012,IND,14.36,0.81,8.06,14.17
Rueben Randle,Louisiana State,2012,NYG,8.04,1.37,7.53,13.76
Brian Quick,Appalachian ST,2012,,4.72,1.66,6.99,13.73
Justin Blackmon,Oklahoma State,2012,JAX,13.06,1.86,7.58,13.28
Mohamed Sanu,Rutgers,2012,CIN,8.49,0.63,6.59,12.33
Devier Posey,Ohio State,2012,HOU,1.88,1.28,6.03,12.03
Ryan Broyles,Oklahoma,2012,DET,4.10,1.73,5.97,11.90
T.J. Graham,North Carolina State,2012,BUF,3.67,1.24,5.18,11.33
Chris Givens,Wake Forest,2012,STL,5.69,0.79,5.02,11.24
Eric Page,Toledo,2012,,0.51,0.00,0.93,11.10
Jarius Wright,Arkansas,2012,MIN,7.01,0.06,3.40,10.60
Rishard Matthews,Nevada,2012,MIA,4.26,0.02,2.69,9.90
Travis Benjamin,Miami (FL),2012,CLE,3.97,0.28,2.96,9.88
Marvin Jones,California,2012,CIN,8.80,0.02,2.59,8.93
Greg Childs,Arkansas,2012,MIN,0.00,-0.01,2.61,8.91
Nick Toon,Wisconsin,2012,NOR,3.36,-0.03,2.66,8.91
Keshawn Martin,Michigan State,2012,HOU,2.10,0.05,2.06,8.75
B.J. Cunningham,Michigan State,2012,MIA,0.00,-0.02,2.02,8.63
Danny Coale,Virginia Tech,2012,DAL,0.00,0.00,1.99,8.60
Jordan White,Western Michigan,2012,NYJ,0.77,0.08,2.23,8.58
Marvin McNutt,Iowa,2012,PHI,0.00,0.01,2.63,8.56
Dwight Jones,North Carolina,2012,,0.00,0.00,0.32,8.47
Devon Wylie,Fresno State,2012,KAN,1.88,0.16,2.67,8.40
Tommy Streeter,Miami (FL),2012,BAL,0.00,0.00,2.35,8.34
Rod Streater,Temple,2012,,8.89,-0.00,2.22,8.30
Joe Adams,Arkansas,2012,CAR,0.00,0.00,2.47,7.92
Lavon Brazill,Ohio,2012,IND,2.95,-0.00,2.22,7.62
Jarrett Boykin,Virginia Tech,2012,,3.95,0.00,2.95,7.47
Juron Criner,Arizona,2012,OAK,3.48,0.00,2.72,7.26
Jeremy Ebert,Northwestern,2012,NWE,0.80,-0.02,1.96,7.03
Chris Owusu,Stanford,2012,,2.54,0.01,2.50,6.63
Damaris Johnson,Tulsa,2012,,2.68,0.00,2.80,6.11
Junior Hemingway,Michigan,2012,KAN,1.88,-0.04,1.94,5.96
Deonte Thompson,Florida,2012,,1.98,0.01,2.23,5.93
Cole Beasley,Southern Methodist,2012,,5.37,0.00,1.95,5.66
Toney Clemons,Colorado,2012,PIT,1.77,-0.02,1.88,5.52
Jermaine Kearse,Washington,2012,,4.99,0.00,2.75,5.52
Patrick Edwards,Houston,2012,,2.40,0.00,0.27,5.34
Josh Cooper,Oklahoma State,2012,,3.05,0.00,2.37,5.23
Griff Whalen,Stanford,2012,,3.38,0.00,2.40,5.09
Josh Bellamy,Louisville,2012,,0.00,0.00,2.22,4.80
Royce Pollard,Hawaii,2012,,0.00,0.00,0.26,4.02
Phil Bates,Ohio,2012,,0.00,0.00,0.24,3.96
Michael Calvin,California,2012,,0.00,0.00,0.22,3.43
Jerrell Jackson,Missouri,2012,,0.00,0.00,0.23,3.42
Derek Moye,Penn State,2012,,1.43,0.00,0.23,3.40
Kashif Moore,Connecticut,2012,,0.00,0.00,0.22,3.38
Nathan Palmer,Northern Illinois,2012,,0.12,0.00,0.22,3.14
Tray Session,Nevada,2012,,0.00,0.00,0.26,3.00
Jeff Fuller,Texas A&M,2012,,0.00,0.00,0.25,2.98
James Rodgers,Oregon State,2012,,0.00,0.00,0.22,2.77
Bert Reed,Florida State,2012,,0.00,0.00,0.20,2.75
David Douglas,Arizona,2012,,0.00,0.00,0.20,2.74
Laron Byrd,Miami (FL),2012,,0.36,0.00,0.22,2.60
Mike Willie,Arizona State,2012,,0.00,0.00,0.24,2.42
Darius Hanks,Alabama,2012,,0.00,0.00,0.22,2.41
A.J. Green,Georgia,2011,CIN,17.54,1.87,11.20,18.34
Julio Jones,Alabama,2011,ATL,16.85,1.89,10.21,18.09
Torrey Smith,Maryland,2011,BAL,11.82,1.53,6.88,13.49
Titus Young,Boise State,2011,DET,9.43,1.85,5.82,12.88
Randall Cobb,Kentucky,2011,GNB,11.19,1.50,6.98,12.47
Greg Little,North Carolina,2011,CLE,8.09,1.28,5.52,11.99
Cecil Shorts,Mount Union,2011,,9.87,0.06,4.04,11.58
Vincent Brown,San Diego State,2011,SDG,5.27,0.62,5.19,11.53
Jonathan Baldwin,Pittsburgh,2011,KAN,3.54,1.71,5.54,11.22
Denarius Moore,Tennessee,2011,OAK,10.95,0.05,2.75,10.94
Clyde Gates,Abilene Christian,2011,,2.13,0.14,2.93,10.91
Kris Durham,Georgia,2011,SEA,5.63,0.14,3.38,10.68
Greg Salas,Hawaii,2011,STL,5.32,0.06,3.56,10.02
Jerrel Jernigan,Troy,2011,NYG,3.72,0.79,3.75,9.65
Aldrick Robinson,Southern Methodist,2011,WAS,3.88,-0.01,2.91,9.54
Leonard Hankerson,Miami (FL),2011,WAS,7.59,1.01,6.29,9.40
Austin Pettis,Boise State,2011,STL,5.57,1.05,4.44,9.33
Kealoha Pilares,Hawaii,2011,CAR,0.70,0.01,2.07,9.16
Armon Binns,Cincinnati,2011,,5.06,0.00,3.15,8.89
Darvin Adams,Auburn,2011,,0.00,0.00,0.27,8.57
Tandon Doss,Indiana,2011,BAL,2.08,-0.01,2.84,8.37
Ryan Whalen,Stanford,2011,CIN,1.46,-0.00,2.83,7.93
Jeremy Kerley,Texas Christian,2011,NYJ,7.87,-0.05,2.59,7.85
Dwayne Harris,East Carolina,2011,DAL,2.58,-0.02,2.10,7.25
Ronald Johnson,Southern California,2011,SFO,0.00,-0.02,1.94,6.73
Keith Smith,San Jose State,2011,,0.00,0.00,0.22,6.60
Doug Baldwin,Stanford,2011,,8.60,0.00,2.56,6.58
Kevin Cone,Georgia Tech,2011,,0.14,0.00,2.09,6.51
Jeremy Ross,California,2011,,1.15,0.00,2.21,6.50
Niles Paul,Nebraska,2011,WAS,0.00,-0.00,0.41,6.46
Jeff Maehl,Oregon,2011,,0.88,0.00,2.67,6.44
Dontrelle Inman,Virginia,2011,,0.00,0.00,2.20,6.40
Dane Sanzenbacher,Ohio State,2011,,2.77,0.00,2.33,6.36
Kamar Aiken,Central Florida,2011,,0.00,0.00,2.32,6.07
Chris Matthews,Kentucky,2011,,0.00,0.00,2.40,5.74
Owen Spencer,North Carolina State,2011,,0.00,0.00,0.22,5.70
Drew Davis,Oregon,2011,,1.86,0.00,2.34,5.55
Demarco Sampson,San Diego State,2011,ARI,0.55,0.00,1.86,5.46
Kris Adams,Texas-El Paso,2011,,1.53,0.00,0.26,4.94
Scotty McKnight,Colorado,2011,NYJ,0.00,-0.02,2.26,4.87
Michael Campbell,Temple,2011,,0.00,0.00,0.28,4.71
Mark Dell,Michigan State,2011,,0.00,0.00,0.25,4.50
Jamel Hamler,Fresno State,2011,,0.00,0.00,0.28,4.20
Jamar Newsome,Central Florida,2011,,2.05,0.00,0.24,4.04
Terrence Toliver,Louisiana State,2011,,0.00,0.00,0.22,3.93
Kerry Taylor,Arizona State,2011,,5.09,0.00,0.24,3.63
David Gilreath,Wisconsin,2011,,0.23,0.00,0.24,2.84
Laquan Williams,Maryland,2011,,0.37,0.00,0.22,2.82
D'Andre Goodwin,Washington,2011,,0.00,0.00,0.26,2.75
Tori Gurley,South Carolina,2011,,0.83,0.00,0.20,2.50
David Ausberry,Southern California,2011,OAK,0.00,-0.02,0.24,2.39
Demaryius Thomas,Georgia Tech,2010,DEN,12.47,1.82,10.46,17.86
Dez Bryant,Oklahoma State,2010,DAL,14.96,1.69,9.32,15.02
Golden Tate,Notre Dame,2010,SEA,7.08,1.51,6.62,13.94
Arrelious Benn,Illinois,2010,TAM,4.85,1.68,5.71,13.20
Trindon Holliday,Louisiana State,2010,HOU,0.11,-0.14,2.45,12.74
Mike Williams,Syracuse,2010,TAM,12.41,0.10,5.86,12.29
Mardy Gilyard,Cincinnati,2010,STL,0.73,0.17,4.33,11.79
Jacoby Ford,Clemson,2010,OAK,6.81,0.15,3.54,11.58
David Reed,Utah,2010,BAL,0.73,0.01,2.20,11.13
Andre Roberts,Citadel,2010,,7.87,0.81,4.42,11.00
Antonio Brown,Central Michigan,2010,PIT,10.52,-0.05,3.03,10.48
Riley Cooper,Florida,2010,PHI,3.60,0.02,2.30,10.47
Emmanuel Sanders,Southern Methodist,2010,PIT,6.20,0.85,6.10,10.46
Damian Williams,Southern California,2010,TEN,5.34,1.16,4.10,10.40
Carlton Mitchell,South Florida,2010,CLE,0.44,0.04,2.15,10.35
Danario Alexander,Missouri,2010,,10.09,0.00,2.24,10.31
Eric Decker,Minnesota,2010,DEN,9.59,0.60,5.05,9.98
Brandon Lafell,Louisiana State,2010,CAR,7.98,1.09,5.64,9.72
Victor Cruz,Massachusetts,2010,,15.57,-0.00,2.64,9.66
Jordan Shipley,Texas,2010,CIN,7.78,0.60,4.50,9.61
Marcus Easley,Connecticut,2010,,0.00,-0.00,2.11,9.30
Dezmon Briscoe,Kansas,2010,CIN,5.41,0.03,3.34,9.16
Taylor Price,Ohio,2010,NWE,2.17,0.80,3.89,9.08
Joe Webb,Alabama-Birmingham,2010,MIN,0.00,-0.06,0.29,8.25
Marc Mariani,Montana,2010,,0.49,-0.02,2.42,8.24
Blair White,Michigan State,2010,,7.81,-0.01,2.24,7.82
Kyle Williams,Arizona State,2010,SFO,3.81,0.00,2.06,7.65
David Nelson,Florida,2010,,7.69,0.00,2.62,7.53
Naaman Roosevelt,Buffalo,2010,,4.43,0.00,2.95,7.52
Stephen Williams,Toledo,2010,,1.74,-0.00,1.98,7.20
Timothy Toone,Weber ST,2010,,0.00,-0.03,0.28,6.98
Brandon Banks,Kansas State,2010,,0.60,0.00,2.51,6.80
Max Komar,Idaho,2010,,2.71,0.00,2.34,6.48
David Gettis,Baylor,2010,CAR,6.24,-0.01,2.00,6.34
Donald Jones,Appalachian ST,2010,,5.91,0.00,2.62,5.99
Seyi Ajirotutu,Fresno State,2010,,2.23,0.00,2.26,5.94
Kerry Meier,Kansas,2010,,0.00,0.00,2.22,5.69
Terrence Austin,UCLA,2010,WAS,1.74,-0.01,2.22,5.54
Bryan Walters,Cornell,2010,,1.43,0.00,0.32,5.25
Preston Parker,Florida State,2010,,4.32,0.00,2.35,5.08
Duke Calhoun,Memphis,2010,,0.16,0.00,0.26,4.78
Chastin West,Fresno State,2010,,3.44,0.00,2.31,4.63
Marlon Moore,Fresno State,2010,,2.21,0.00,2.42,4.53
Richard Goodman,Florida State,2010,,0.50,0.00,0.27,4.18
Kevin Jurovich,San Jose State,2010,,0.00,0.00,0.34,3.87
Chris Brooks,Nebraska,2010,,0.00,0.00,0.35,3.77
Verran Tucker,California,2010,,2.13,0.00,0.24,3.42
Dorin Dickerson,Pittsburgh,2010,HOU,0.00,-0.01,0.22,3.21
Roberto Wallace,San Diego State,2010,,0.87,0.00,0.22,2.84